"ClaveCliente","Ciudad","Estado","Pais","CodigoPostal","ClienteTipo","ClienteGrupo"
"0001","JA08","03","01","44370","1","LOCAL"
"0002","JA08","03","01","","1","LOCAL"
"0003","JA08","03","01","44460","1","LOCAL"
"0004","SIN05","20","01","81200","3","HERMOSILLO"
"0005","JA08","03","01","44460","1","LOCAL"
"0006","JA08","03","01","44950","1","LOCAL"
"0007","JA08","03","01","44600","1","LOCAL"
"0008","JA08","03","01","","1","LOCAL"
"0009","JA08","03","01","44460","1","LOCAL"
"0010","JA08","03","01","44430","1","LOCAL"
"0011","JA27","03","01","45190","1","LOCAL"
"0012","JA08","03","01","44430","1","LOCAL"
"0013","JA08","03","01","","1","LOCAL"
"0014","JA08","03","01","44180","1","LOCAL"
"0015","JA24","03","01","45625","1","LOCAL"
"0016","JA08","03","01","44719","1","LOCAL"
"0017","JA08","03","01","","1","LOCAL"
"0018","JA08","03","01","44101","1","LOCAL"
"0019","JA08","03","01","","1","LOCAL"
"0020","JA08","03","01","44700","1","LOCAL"
"0021","JA08","03","01","","1","LOCAL"
"0022","JA08","03","01","44460","3","LOCAL"
"0023","JA08","03","01","44460","1","LOCAL"
"0024","JA08","03","01","44370","1","LOCAL"
"0025","JA27","03","01","45230","1","LOCAL"
"0026","JA27","03","01","45150","1","LOCAL"
"0027","JA08","03","01","","1","LOCAL"
"0028","JA27","03","01","45020","1","LOCAL"
"0029","JA08","03","01","","1","LOCAL"
"0030","JA27","03","01","45140","1","LOCAL"
"0031","JA08","03","01","44340","1","LOCAL"
"0032","JA27","03","01","45040","1","LOCAL"
"0033","JA08","03","01","","1","LOCAL"
"0034","JA24","03","01","44980","1","LOCAL"
"0035","JA27","03","01","45070","1","LOCAL"
"0036","CHP05","03","01","45426","1","LOCAL"
"0037","JA08","03","01","44290","1","LOCAL"
"0038","JA08","03","01","","1","LOCAL"
"0039","JA08","03","01","44190","1","LOCAL"
"0040","JA08","03","01","","1","LOCAL"
"0041","JA08","03","01","44190","1","LOCAL"
"0042","JA08","03","01","44370","1","LOCAL"
"0043","JA08","03","01","44280","1","LOCAL"
"0044","JA08","03","01","44430","1","LOCAL"
"0045","JA27","03","01","45222","1","LOCAL"
"0046","JA08","03","01","44460","1","LOCAL"
"0047","JA08","03","01","44266","1","LOCAL"
"0048","JA27","03","01","45235","1","LOCAL"
"0049","JA08","03","01","44381","1","LOCAL"
"0050","JA27","03","01","45050","1","LOCAL"
"0051","JA27","03","01","45080","1","LOCAL"
"0052","JA08","03","01","44610","1","LOCAL"
"0053","JA08","03","01","44190","1","LOCAL"
"0054","JA27","03","01","45222","1","LOCAL"
"0055","JA08","03","01","44440","1","LOCAL"
"0056","JA08","03","01","44810","1","LOCAL"
"0057","JA08","03","01","44450","1","LOCAL"
"0058","JA25","03","01","","3","LOCAL"
"0059","JA25","03","01","45400","1","LOCAL"
"0060","JA27","03","01","45010","1","LOCAL"
"0061","JA27","03","01","45080","1","LOCAL"
"0062","JA08","03","01","","1","LOCAL"
"0063","JA19","03","01","46790","3","LIBRE"
"0064","JA08","03","01","44220","1","LOCAL"
"0065","JA08","03","01","44460","1","LOCAL"
"0066","JA08","03","01","","1","LOCAL"
"0067","JA08","03","01","","1","LOCAL"
"0068","JA08","03","01","44719","1","LOCAL"
"0069","JA08","03","01","44460","1","LOCAL"
"0070","JA08","03","01","44460","1","LOCAL"
"0071","JA27","03","01","45030",,"LOCAL"
"0072","JA08","03","01","44460","1","LOCAL"
"0073","JA08","03","01","44430","1","LOCAL"
"0074","JA08","03","01","44430","1","LOCAL"
"0075","JA08","03","01","","1","LOCAL"
"0076","JA08","03","01","44410","1","LOCAL"
"0077","JA27","03","01","45190","1","LOCAL"
"0078","JA23","03","01","45645","1","LOCAL"
"0079","JA08","03","01","","1","LOCAL"
"0080","JA08","03","01","44430","1","LOCAL"
"0081","JA27","03","01","45180","1","LOCAL"
"0082","JA08","03","01","","1","LOCAL"
"0083","JA27","03","01","45147","1","LOCAL"
"0084","JA08","03","01","44460","1","LOCAL"
"0085","JA27","03","01","","1","LOCAL"
"0086","JA27","03","01","45130","1","LOCAL"
"0087","JA08","03","01","44890","1","LOCAL"
"0088","JA08","03","01","","1","LOCAL"
"0089","JA27","03","01","45070","1","LOCAL"
"0090","JA08","03","01","44300","1","LOCAL"
"0091","JA08","03","01","44260","1","LOCAL"
"0092","JA08","03","01","44460","1","LOCAL"
"0093","JA08","03","01","","1","LOCAL"
"0094","JA08","03","01","44100","1","LOCAL"
"0095","JA27","03","01","45140","1","LOCAL"
"0096","JA27","03","01","45184","1","LOCAL"
"0097","JA08","03","01","","1","LOCAL"
"0098","JA08","03","01","","1","LOCAL"
"0099","JA08","03","01","44950","1","LOCAL"
"0100","JA27","03","01","","1","LOCAL"
"0101","JA27","03","01","45130","1","LOCAL"
"0102","JA08","03","01","44100","1","LOCAL"
"0103","JA08","03","01","44940","1","LOCAL"
"0104","JA27","03","01","45130","1","LOCAL"
"0105","JA27","03","01","45100","1","LOCAL"
"0106","JA27","03","01","45130","1","LOCAL"
"0107","JA08","03","01","44460","1","LOCAL"
"0108","JA08","03","01","44950","1","LOCAL"
"0109","JA08","03","01","44940","1","LOCAL"
"0110","JA08","03","01","44800","1","LOCAL"
"0111","JA08","03","01","44940","1","LOCAL"
"0112","JA27","03","01","45310","1","LOCAL"
"0113","JA25","03","01","44500","1","LOCAL"
"0114","JA08","03","01","44210","1","LOCAL"
"0115","JA25","03","01","44820","1","LOCAL"
"0116","JA08","03","01","44460","3","LOCAL"
"0117","JA08","03","01","44190","3","LOCAL"
"0118","JA08","03","01","44809","1","LOCAL"
"0119","JA08","03","01","44960","3","LOCAL"
"0120","JA08","03","01","44600","1","LOCAL"
"0121","JA27","03","01","","3","LOCAL"
"0122","JA08","03","01","44970","1","LOCAL"
"0123","JA08","03","01","44390","3","LOCAL"
"0124","JA08","03","01","0.0","3","LOCAL"
"0125","JA08","03","01","44820","3","LOCAL"
"0126","JA08","03","01","44150","3","LOCAL"
"0127","JA08","03","01","45070","3","LOCAL"
"0128","JA27","03","01","45110","1","LOCAL"
"0129","JA27","03","01","45070","3","LOCAL"
"0130","JA08","03","01","44460","1","LOCAL"
"0131","JA08","03","01","44550","1","LOCAL"
"0132","JA08","03","01","44950","1","LOCAL"
"0133","JA27","03","01","45030","1","LOCAL"
"0134","JA27","03","01","45040","1","LOCAL"
"0135","JA23","03","01","45090","1","LOCAL"
"0136","JA08","03","01","44460","1","LOCAL"
"0137","JA08","03","01","44900","1","LOCAL"
"0138","JA24","03","01","45580","1","LOCAL"
"0139","JA27","03","01","44900","1","LOCAL"
"0140","JA27","03","01","0.0","1","LOCAL"
"0141","JA24","03","01","45601","1","LOCAL"
"0142","JA24","03","01","45601","1","LOCAL"
"0143","JA24","03","01","45550","1","LOCAL"
"0144","MIC21","10","01","60540","3","ACAPULCO"
"0145","JA24","03","01","45615","1","LOCAL"
"0146","JA27","03","01","45070","1","LOCAL"
"0147","JA08","03","01","44490","3","LOCAL"
"0148","JA08","03","01","44460","1","LOCAL"
"0149","JA08","03","01","44450","1","LOCAL"
"0150","JA08","03","01","44260","1","LOCAL"
"0151","JA08","03","01","44430","3","LOCAL"
"0152","JA08","03","01","44290","1","LOCAL"
"0153","JA08","03","01","44160","1","LOCAL"
"0154","JA08","03","01","44600","1","LOCAL"
"0155","JA27","03","01","45190","1","LOCAL"
"0156","JA08","03","01","44900","1","LOCAL"
"0157","JA08","03","01","44650","1","LOCAL"
"0158","JA08","03","01","44657","1","LOCAL"
"0159","JA08","03","01","44600","1","LOCAL"
"0160","JA08","03","01","44320","1","LOCAL"
"0161","JA08","03","01","44700","1","LOCAL"
"0162",,,,"0.0",,
"0163","JA08","03","01","44890","1","LOCAL"
"0164","JA08","03","01","44500","1","LOCAL"
"0165","JA08","03","01","44270","3","LOCAL"
"0166","JA08","03","01","44430","1","LOCAL"
"0167","JA23","03","01","45645","1","LOCAL"
"0168","JA27","03","01","45070","1","LOCAL"
"0169","JA08","03","01","44970","3","LOCAL"
"0170","JA08","03","01","0.0","1","LOCAL"
"0171","JA08","03","01","44160","1","LOCAL"
"0172","JA27","03","01","45080","1","LOCAL"
"0173","JA08","03","01","44130","1","LOCAL"
"0174","JA08","03","01","45080","1","LOCAL"
"0175","JA27","03","01","0.0","3","LOCAL"
"0176","JA25","03","01","45417","3","LOCAL"
"0177","JA08","03","01","44800","2","LOCAL"
"0178","JA08","03","01","44920","1","LOCAL"
"5000","PUE03","18","01","72050","3","PUEBLA"
"5001","PUE03","18","01","72160","3","PUEBLA"
"5002","ZAC09","32","01","99200","3","ZACATECAS"
"5003","AGS03","28","01","20660","3","ZACATECAS"
"5004","GTO14","12","01","37700","3","SAN LUIS DE LA PAZ"
"5005","VER19","11","01","91750","3","PUEBLA"
"5006","VER19","11","01","91778","3","PUEBLA"
"5007","YUC02","16","01","97970","3","CANCUN"
"5008","MIC01","10","01","008","3","MEXICO"
"5009","CHP06","06","01","29000","3","COMITAN"
"5010","BCS02","21","01","23060","2","LIBRE"
"5011","PUE03","18","01","72050","3","PUEBLA"
"5012","NAY06","26","01","","3","TEPIC"
"5013","PUE03","18","01","72080","3","PUEBLA"
"5014","QR01","05","01","","3","CANCUN"
"5015","NL03","04","01","64580","3","MONTERREY"
"5016","QR01","05","01","77510","3","CANCUN"
"5017","GTO09","12","01","36770","2","LIBRE"
"5018","SIN06","20","01","82150","3","HERMOSILLO"
"5019","SON03","15","01","85060","3","HERMOSILLO"
"5020","GTO06","12","01","37430","3","LEON"
"5021","SON03","15","01","","3","HERMOSILLO"
"5022","HGO03","24","01","","3","MEXICO"
"5023","NAY04","26","01","","2","LIBRE"
"5024","CO02","09","01","28100","2","LIBRE"
"5025","CHP04","06","01","30767","3","COMITAN"
"5026","SLP04","19","01","78040","2","MATAMOROS"
"5027","TAM03","23","01","","3","MATAMOROS"
"5028","CO01","09","01","28000","3","COLIMA"
"5029","SON03","15","01","85130","3","HERMOSILLO"
"5030","OA05","07","01","","3","COMITAN"
"5031","EM11","02","01","54946","3","MEXICO"
"5032","JA12","03","01","45430","3","SALAMANCA"
"5033","JA12","03","01","45430","3","SALAMANCA"
"5034","EM10","02","01","50090","3","MEXICO"
"5035","DF01","01","01","09600","3","MEXICO"
"5036","DF01","01","01","09600","3","MEXICO"
"5037","PUE03","18","01","72050","3","PUEBLA"
"5038","SON05","15","01","83138","3","HERMOSILLO"
"5039","SIN05","20","01","","3","HERMOSILLO"
"5040","NAY06","26","01","63000","3","TEPIC"
"5041","NAY06","26","01","63060","3","TEPIC"
"5042","MIC20","10","01","61650","3","ACAPULCO"
"5043","ZAC10","32","01","98000","2","ZACATECAS"
"5044","DF01","01","01","04450","3","MEXICO"
"5045","SON05","15","01","83240","2","LIBRE"
"5046","SIN05","20","01","81200","3","HERMOSILLO"
"5047","SIN04","20","01","81020","3","HERMOSILLO"
"5048","SLP04","19","01","78000","2","MATAMOROS"
"5049","SON05","15","01","83180","3","HERMOSILLO"
"5050","NAY06","26","01","63000","3","TEPIC"
"5051","JA02","03","01","47180","3","SALAMANCA"
"5052","PUE03","18","01","72050","3","PUEBLA"
"5053","DF01","01","01","06250","3","MEXICO"
"5054","DF01","01","01","07370","3","MEXICO"
"5055","DF01","01","01","07370","3","MEXICO"
"5056","HGO05","24","01","43700","3","PUEBLA"
"5057","DF01","01","01","09500","3","MEXICO"
"5058","MOR01","13","01","62460","3","MEXICO"
"5059","MOR02","13","01","44310","3","MEXICO"
"5060","SLP01","19","01","","3","MATAMOROS"
"5061","EM10","02","01","50160","3","MEXICO"
"5062","TAB03","25","01","86150","3","CANCUN"
"5063","JA17","03","01","47000","3","LEON"
"5064","GTO09","12","01","","3","SALVATIERRA"
"5065","EM10","02","01","50170","3","MEXICO"
"5066","EM10","02","01","50190","3","MEXICO"
"5067","NL02","32","01","98615","3","ZACATECAS"
"5068","TAM06","23","01","87400","3","MATAMOROS"
"5069","SLP04","19","01","78320","3","MATAMOROS"
"5070","TAM06","23","01","","3","MATAMOROS"
"5071","GR01","08","01","39650","3","ACAPULCO"
"5072","MIC10","10","01","60950","2","ACAPULCO"
"5073","MIC10","10","01","60950","2","ACAPULCO"
"5074","GTO09","12","01","36700","3","SALVATIERRA"
"5075","GTO05","12","01","36530","3","SALVATIERRA"
"5076","GTO06","12","01","37000","3","LEON"
"5077","QTO02","14","01","","3","SAN LUIS DE LA PAZ"
"5078","QTO02","14","01","","3","SAN LUIS DE LA PAZ"
"5079","QTO02","14","01","76070","3","SAN LUIS DE LA PAZ"
"5080","GTO13","12","01","37900","3","SAN LUIS DE LA PAZ"
"5081","SIN01","20","01","82600","3","HERMOSILLO"
"5082","GTO03","12","01","38080","3","SAN LUIS DE LA PAZ"
"5083","GTO03","12","01","38080","3","SAN LUIS DE LA PAZ"
"5084","JA17","03","01","","3","LEON"
"5085","GTO06","12","01","37419","3","LEON"
"5086","GTO06","12","01","37340","3","LEON"
"5087","QTO02","14","01","76050","2","LIBRE"
"5088","MIC24","10","01","","3","ZAMORA"
"5089","TAM05","23","01","87028","3","MATAMOROS"
"5090","TAM04","23","01","88690","3","MATAMOROS"
"5091","SLP03","19","01","79600","2","MATAMOROS"
"5092","YU01","16","01","97000","3","CANCUN"
"5093","OA05","07","01","68040","3","COMITAN"
"5094","AGS01","28","01","20240","3","ZACATECAS"
"5095","DUR01","30","01","35230","3","CD.JUAREZ"
"5096","VER03","11","01","94500","3","PUEBLA"
"5097","COA04","27","01","","3","MONTERREY"
"5098","CHI06","29","01","31050","3","CD.JUAREZ"
"5099","OA05","07","01","68000","3","COMITAN"
"5100","SLP04","19","01","78438","2","MATAMOROS"
"5101","GTO06","12","01","37300","3","LEON"
"5102","SIN06","20","01","","3","HERMOSILLO"
"5103","CHI03","29","01","33000","3","CD.JUAREZ"
"5104","COA05","27","01","27000","3","TORREON"
"5105","DUR02","30","01","34000","3","TORREON"
"5106","CHI04","29","01","","3","CD.JUAREZ"
"5107","SLP04","19","01","78000","2","MATAMOROS"
"5108","BCN04","22","01","22417","2","LIBRE"
"5109","CHI04","29","01","32380","3","CD.JUAREZ"
"5110","CHI09","29","01","33850","3","CD.JUAREZ"
"5111","COA05","27","01","27000","3","TORREON"
"5112","CHI02","29","01","31500","3","CD.JUAREZ"
"5113","CHI04","29","01","32340","3","CD.JUAREZ"
"5114","COA05","27","01","27000","3","TORREON"
"5115","COA05","27","01","27000","3","TORREON"
"5116","CHI04","29","01","32685","3","CD.JUAREZ"
"5117","DUR02","30","01","34307","3","TORREON"
"5118","CHP06","06","01","29080","3","COMITAN"
"5119","SIN05","20","01","81220","3","HERMOSILLO"
"5120","SIN01","20","01","80090","3","HERMOSILLO"
"5121","DUR03","30","01","34700","3","TORREON"
"5122","HGO03","24","01","42300","3","PUEBLA"
"5123","PUE03","18","01","72080","3","PUEBLA"
"5124","AGS01","28","01","20030","3","ZACATECAS"
"5125","SON05","15","01","83180","3","HERMOSILLO"
"5126","PUE07","18","01","75200","3","PUEBLA"
"5127","EM06","02","01","53000","3","MEXICO"
"5128","SIN01","20","01","80260","3","HERMOSILLO"
"5129","SIN01","20","01","80280","3","HERMOSILLO"
"5130","NL04","04","01","66490","3","MONTERREY"
"5131","NL03","04","01","64550","3","MONTERREY"
"5132","NL03","04","01","64550","3","MONTERREY"
"5133","NL04","04","01","66400","3","MONTERREY"
"5134","NL03","04","01","","3","MONTERREY"
"5135","NL03","04","01","","3","MONTERREY"
"5136","CHP06","06","01","29000","2","LIBRE"
"5137","NL03","04","01","64580","3","MONTERREY"
"5138","NL03","04","01","64550","3","MONTERREY"
"5139","NL03","04","01","64536","3","MONTERREY"
"5140","TAM09","23","01","89100","3","MATAMOROS"
"5141","TAM02","23","01","89490","3","MATAMOROS"
"5142","NL02","04","01","67128","3","ZACATECAS"
"5143","OA11","07","01","68380","3","CANCUN"
"5144","DF01","01","01","02100","3","MEXICO"
"5145","JA17","03","01","47000","3","LEON"
"5146","MIC13","10","01","51180","3","MORELIA"
"5147","VER11","11","01","94300","3","PUEBLA"
"5148","GTO06","12","01","37390","2","LIBRE"
"5149","TAM02","23","01","89490","3","MATAMOROS"
"5150","NL03","04","01","64580","3","MONTERREY"
"5151","GTO03","12","01","38160","3","SAN LUIS DE LA PAZ"
"5152","NL03","04","01","64240","3","MONTERREY"
"5153","QR01","05","01","77500","3","CANCUN"
"5154","GTO14","12","01","37700","3","SAN LUIS DE LA PAZ"
"5155","MIC13","10","01","58210","3","MORELIA"
"5156","GTO16","12","01","35270","3","LEON"
"5157","CAM01","17","01","24010","3","CANCUN"
"5158","CHP03","06","01","","3","COMITAN"
"5159","CHP06","06","01","29000","3","COMITAN"
"5160","OA01","07","01","71500","3","COMITAN"
"5161","CHP01","06","01","30180","3","COMITAN"
"5162","CHP03","06","01","29294","3","COMITAN"
"5163","DUR04","30","01","36400","3","TORREON"
"5164","OA02","07","01","69005","3","COMITAN"
"5165","SLP02","19","01","78700","3","MONTERREY"
"5166","MIC08","10","01","59510","2","LIBRE"
"5167","MIC17","10","01","59000","2","ZAMORA"
"5168","CHP06","06","01","29000","3","COMITAN"
"5169","OA06","07","01","71600","3","ACAPULCO"
"5170","GR03","08","01","41940","3","ACAPULCO"
"5171","JA13","03","01","47400","3","LEON"
"5172","VER09","11","01","96700","3","PUEBLA"
"5173","MIC22","10","01","60050","3","ACAPULCO"
"5174","MIC22","10","01","60110","3","ACAPULCO"
"5175","MIC15","10","01","61600","3","ACAPULCO"
"5176","MIC12","10","01","61250","3","ACAPULCO"
"5177","YU01","16","01","97000","3","CANCUN"
"5178","MIC10","10","01","60950","3","ACAPULCO"
"5179","JA22","03","01","47600","3","LEON"
"5180","JA03","03","01","47750","3","SALVATIERRA"
"5181","MIC14","10","01","61760","3","ACAPULCO"
"5182","VER12","11","01","96330","3","PUEBLA"
"5183","TAB03","25","01","86280","3","CANCUN"
"5184","CHP04","06","01","30700","3","COMITAN"
"5185","MIC22","10","01","60130","3","ACAPULCO"
"5186","CHP06","06","01","29000","3","COMITAN"
"5187","PUE06","18","01","75760","3","PUEBLA"
"5188","VER09","11","01","96700","3","CANCUN"
"5189","ZAC01","32","01","99011","3","ZACATECAS"
"5190","GR01","08","01","39590","3","ACAPULCO"
"5191","GTO06","12","01","37340","2","LEON"
"5192","PUE03","18","01","72000","3","PUEBLA"
"5193","MIC04","10","01","61114","3","MORELIA"
"5194","MIC17","10","01","59000","3","ZAMORA"
"5195","SON03","15","01","85000","3","HERMOSILLO"
"5196","SON03","15","01","85080","2","LIBRE"
"5197","EM09","02","01","54040","3","PUEBLA"
"5198","TAM05","23","01","87000","3","MATAMOROS"
"5199","DUR02","30","01","34270","2","LIBRE"
"5200","TAM05","23","01","87099","3","MATAMOROS"
"5201","JA17","03","01","47000","3","LEON"
"5202","JA22","03","01","","3","LEON"
"5203","OA05","07","01","68040","3","COMITAN"
"5204","JA02","03","01","47180","3","SALAMANCA"
"5205","CHP04","06","01","30700","3","COMITAN"
"5206","TAB03","25","01","86190","3","CANCUN"
"5207","NL02","04","01","67120","3","MONTERREY"
"5208","MIC13","10","01","58050","3","MORELIA"
"5209","JA21","03","01","49900","3","COLIMA"
"5210","GTO06","12","01","","3","LEON"
"5211","VER20","11","01","91110","3","PUEBLA"
"5212","SIN01","20","01","86160","3","HERMOSILLO"
"5213","OA02","07","01","69000","3","COMITAN"
"5214","JA05","03","01","49000","2","CIUDAD GUZMAN"
"5215","PUE03","18","01","72980","3","PUEBLA"
"5216","TAM02","23","01","89450","3","MATAMOROS"
"5217","NL03","04","01","64536","3","MONTERREY"
"5218","TAM09","23","01","","3","MATAMOROS"
"5218A",,,,"",,
"5219","TAM03","23","01","","3","MATAMOROS"
"5220","JA13","03","01","47470","3","LEON"
"5221","CHP06","06","01","29000","3","COMITAN"
"5222","CHP06","06","01","29000","3","COMITAN"
"5223","NL03","04","01","64530","3","MONTERREY"
"5224","GTO13","12","01","","3","SAN LUIS DE LA PAZ"
"5225","TAM04","23","01","88690","3","MATAMOROS"
"5226","YUC03","16","01","97000","3","CANCUN"
"5227","JA13","03","01","47400","3","LEON"
"5228","BCS02","21","01","23000","2","LIBRE"
"5229","DF01","01","01","06780","2","MEXICO"
"5230","ZAC06","32","01","","3","ZACATECAS"
"5231","COA05","27","01","27000","3","TORREON"
"5232","CHI04","29","01","32300","3","CD.JUAREZ"
"5233","DUR04","30","01","","3","TORREON"
"5234","AGS01","28","01","20030","3","ZACATECAS"
"5235","GTO05","12","01","36589","2","LIBRE"
"5236","DF01","01","01","03530","3","MEXICO"
"5237","GR04","08","01","39080","3","ACAPULCO"
"5238","SIN01","20","01","80000","3","HERMOSILLO"
"5239","OA06","07","01","","3","ACAPULCO"
"5240","SIN06","20","01","82128","2","HERMOSILLO"
"5241","CHP06","06","01","29000","3","COMITAN"
"5242","TAM03","23","01","89800","2","MATAMOROS"
"5243","NL04","04","01","66600","3","MONTERREY"
"5244","SON05","15","01","","3","HERMOSILLO"
"5245","VER19","11","01","91940","3","PUEBLA"
"5246","VER19","11","01","","3","PUEBLA"
"5247","GR01","08","01","","3","ACAPULCO"
"5248","VER17","11","01","92100","3","MATAMOROS"
"5249","SIN01","20","01","80090","3","HERMOSILLO"
"5250","SIN01","20","01","80090","3","HERMOSILLO"
"5251","NL03","04","01","64180","3","MONTERREY"
"5252","GR01","08","01","39580","3","ACAPULCO"
"5253","DF01","01","01","11370","3","MEXICO"
"5254","PUE05","18","01","07000","3","PUEBLA"
"5255","JA16","03","01","49010","3","COLIMA"
"5256","CHP04","06","01","30749","3","COMITAN"
"5257","GR01","08","01","","3","ACAPULCO"
"5258","GTO17","12","01","38980","2","LEON"
"5259","EM09","02","01","54030","3","MEXICO"
"5260","DF01","01","01","09600","3","MEXICO"
"5261","CHP03","06","01","","3","COMITAN"
"5262","GR05","08","01","40000","3","ACAPULCO"
"5263","CHP03","06","01","","3","COMITAN"
"5264","VER13","11","01","91270","3","PUEBLA"
"5265","COA05","27","01","","3","TORREON"
"5266","GTO14","12","01","37700","3","SAN LUIS DE LA PAZ"
"5267","YU01","16","01","97000","3","CANCUN"
"5268","VER07","11","01","96980","3","CANCUN"
"5269","NL03","04","01","64580","3","MONTERREY"
"5270","BCN03","22","01","","2","LIBRE"
"5271","SIN01","20","01","80160","3","HERMOSILLO"
"5272","JA13","03","01","","3","LEON"
"5273","SON05","15","01","83160","3","HERMOSILLO"
"5274","MIC22","10","01","60080","3","ACAPULCO"
"5275","GR01","08","01","39905","3","ACAPULCO"
"5276","OA04","07","01","","3","COMITAN"
"5277","VER03","11","01","94500","3","PUEBLA"
"5278","JA13","03","01","47430","3","LEON"
"5279","CHI08","29","01","32881","3","CD.JUAREZ"
"5280","GTO12","12","01","","3","LEON"
"5281","JA13","03","01","","3","LEON"
"5282","JA17","03","01","47000","3","LEON"
"5283","QR02","05","01","77017","3","CANCUN"
"5284","MIC22","10","01","60240","3","ACAPULCO"
"5285","JA10","03","01","47910","3","ZAMORA"
"5286","QTO02","14","01","76000","3","SAN LUIS DE LA PAZ"
"5287","JA03","03","01","","3","SALVATIERRA"
"5288","DF01","01","01","06700","3","MEXICO"
"5289","SLP04","19","01","78230","3","MATAMOROS"
"5290","ZAC03","32","01","99390","3","ZACATECAS"
"5291","ZAC08","32","01","","3","ZACATECAS"
"5292","CHI04","29","01","","3","CD.JUAREZ"
"5293","CHI04","29","01","32696","3","CD.JUAREZ"
"5294","SLP02","19","01","78700","3","MATAMOROS"
"5295","EM04","02","01","55120","3","MEXICO"
"5296","DF01","01","01","04919","3","MEXICO"
"5297","SIN04","20","01","81020","3","HERMOSILLO"
"5298","GTO10","12","01","38900","3","SALVATIERRA"
"5299","MIC07","10","01","61940","3","ACAPULCO"
"5300","GR01","08","01","39050","3","ACAPULCO"
"5301","NAY06","26","01","63157","3","LIBRE"
"5302","VER16","11","01","92902","3","PUEBLA"
"5303","VER08","11","01","93600","3","PUEBLA"
"5304","VER05","11","01","","3","PUEBLA"
"5305","VER20","11","01","91130","3","PUEBLA"
"5306","CHI09","29","01","","3","CD.JUAREZ"
"5307","DF01","01","01","09500","3","MEXICO"
"5308","GTO01","12","01","38600","3","SALAMANCA"
"5309","DF01","01","01","06250","3","MEXICO"
"5310","GTO03","12","01","38020","3","SAN LUIS DE LA PAZ"
"5311","SLP04","19","01","78000","3","MATAMOROS"
"5312","SON03","15","01","","3","HERMOSILLO"
"5313","MIC10","10","01","60950","3","ACAPULCO"
"5314","JA17","03","01","","2","LEON"
"5315","JA10","03","01","47910","3","ZAMORA"
"5316","VER20","11","01","91110","3","PUEBLA"
"5317","VER08","11","01","93600","3","PUEBLA"
"5318","VER14","11","01","93310","3","PUEBLA"
"5319","HGO04","24","01","42080","3","PUEBLA"
"5320","VER15","11","01","91639","3","PUEBLA"
"5321","CHI06","29","01","31030","3","CD.JUAREZ"
"5322","VER20","11","01","91110","3","PUEBLA"
"5323","VER20","11","01","91110","3","PUEBLA"
"5324","VER20","11","01","91110","3","PUEBLA"
"5325","GR03","08","01","41940","3","ACAPULCO"
"5326","QR02","05","01","77010","3","CANCUN"
"5327","SON08","15","01","84000","2","LIBRE"
"5328","JA13","03","01","","3","LEON"
"5329","ZAC10","32","01","98070","2","ZACATECAS"
"5330","TAB03","25","01","86100","3","CANCUN"
"5331","VER03","11","01","94500","3","PUEBLA"
"5332","VER08","11","01","93600","3","PUEBLA"
"5333","GTO18","12","01","38400","3","SALVATIERRA"
"5334","JA05","03","01","49000",,"CIUDAD GUZMAN"
"5335","MIC24","10","01","59700","3","ZAMORA"
"5336","TAM06","23","01","87390","3","MATAMOROS"
"5337","NL03","04","01","","3","MONTERREY"
"5338","YU01","16","01","97000","3","CANCUN"
"5339","CHP04","06","01","30700","3","COMITAN"
"5340","OA08","07","01","70600","3","COMITAN"
"5341","GTO12","12","01","37600","3","LEON"
"5342","MIC01","10","01","60640","3","ACAPULCO"
"5343","CHI09","29","01","33800","3","CD.JUAREZ"
"5344","YU01","16","01","97070","3","CANCUN"
"5345","OA04","07","01","68400","3","COMITAN"
"5346","SON05","15","01","83188","3","HERMOSILLO"
"5347","SIN02","20","01","","2","HERMOSILLO"
"5348","CHI06","29","01","31030","3","CD.JUAREZ"
"5349","CHI06","29","01","31160","3","CD.JUAREZ"
"5350","CHI01","29","01","33730","3","CD.JUAREZ"
"5351","GTO05","12","01","36530","3","SALVATIERRA"
"5352","GTO05","12","01","36559","3","SALVATIERRA"
"5353","MIC24","10","01","59620",,"ZAMORA"
"5354","HGO04","24","01","42090","3","PUEBLA"
"5355","TAM10","23","01","87600","3","MATAMOROS"
"5356","TAM04","23","01","88630","3","MATAMOROS"
"5357","GTO03","12","01","","3","SAN LUIS DE LA PAZ"
"5358","GTO03","12","01","","3","SAN LUIS DE LA PAZ"
"5359","TAB03","25","01","86000","2","LIBRE"
"5360","SON06","15","01","32000","3","HERMOSILLO"
"5361","SON05","15","01","83130","3","HERMOSILLO"
"5362","TAM02","29","01","31943","3","MATAMOROS"
"5363","CHI03","29","01","33000","3","CD.JUAREZ"
"5364","GTO06","12","01","37390","3","LEON"
"5365","EM10","02","01","50150","3","MEXICO"
"5366","QR01","05","01","77513","3","CANCUN"
"5367","SON07","15","01","85800","2","HERMOSILLO"
"5368","BCS01","21","01","23410","2","LIBRE"
"5369","YU01","16","01","","3","CANCUN"
"5370","AGS01","28","01","20070","2","ZACATECAS"
"5371","HGO02","24","01","42400","3","PUEBLA"
"5372","AGS01","28","01","20070","3","ZACATECAS"
"5373","QR01","05","01","77510","3","CANCUN"
"5374","TAB03","25","01","86280","3","CANCUN"
"5375","VER09","11","01","96790","3","PUEBLA"
"5376","CHP05","06","01","30500","1","COMITAN"
"5377","EM02","02","01","52927","3","MEXICO"
"5378","JA17","03","01","47000","3","LEON"
"5379","GTO08","12","01","38899","2","LIBRE"
"5380","VER02","11","01","96400","3","CANCUN"
"5381","VER19","11","01","94700","3","PUEBLA"
"5382","TAB03","25","01","","3","CANCUN"
"5383","YU01","16","01","97230","3","CANCUN"
"5384","CAM01","17","01","24010","3","CANCUN"
"5385","CHI06","29","01","31030","3","CD.JUAREZ"
"5386","GR01","08","01","39355","3","ACAPULCO"
"5387","QR02","05","01","77017","3","CANCUN"
"5388","NAY01","26","01","63400","3","TEPIC"
"5389","CHI07","29","01","31700","3","CD.JUAREZ"
"5390","DF01","01","01","06250","3","MEXICO"
"5391","TAM09","23","01","89070","3","MATAMOROS"
"5392","CHI06","29","01","31030","3","CD.JUAREZ"
"5393","DF01","01","01","04300","3","MEXICO"
"5394","PUE04","18","01","75410","3","PUEBLA"
"5395","TAB02","25","01","","3","CANCUN"
"5396","OA11","07","01","68310","3","CANCUN"
"5397","EM10","02","01","50150","3","MEXICO"
"5398","DF01","01","01","06250","3","MEXICO"
"5399","EM07","02","01","09500","3","MEXICO"
"5400","DF01","01","01","06250","3","MEXICO"
"5401","DF01","01","01","09820","3","MEXICO"
"5402","YU01","16","01","","3","CANCUN"
"5403","OA07","07","01","70900","3","COMITAN"
"5404","TLA03","31","01","90800","3","PUEBLA"
"5405","DF01","01","01","07010","3","MEXICO"
"5406","PUE03","18","01","","3","PUEBLA"
"5407","SON07","15","01","21622","3","HERMOSILLO"
"5408","SIN01","20","01","","3","HERMOSILLO"
"5409","GTO06","12","01","","3","LEON"
"5410","MIC01","10","01","60660","3","ACAPULCO"
"5411","CHP03","06","01","","3","COMITAN"
"5412","DF01","01","01","06250","3","MEXICO"
"5413","MIC10","10","01","60950","3","ACAPULCO"
"5414","EM01","02","01","","3","SAN LUIS DE LA PAZ"
"5415","EM11","02","01","54946","3","MEXICO"
"5416","ZAC03","32","01","99330","3","ZACATECAS"
"5417","VER22","11","01","","3","MEXICO"
"5418","GTO14","12","01","37700","3","SAN LUIS DE LA PAZ"
"5419","CHI02","29","01","31500","3","CD.JUAREZ"
"5420","ZAC07","32","01","99100","3","ZACATECAS"
"5421","YU01","16","01","97000","3","CANCUN"
"5422","EM10","02","01","50110","3","MEXICO"
"5423","CHP06","06","01","29080","3","COMITAN"
"5424","BCN03","22","01","","3","TIJUANA"
"5425","BCN02","22","01","22800","3","TIJUANA"
"5426","BCN02","22","01","22840","3","TIJUANA"
"5427","BCN04","22","01","22400","3","HERMOSILLO"
"5428","BCN04","22","01","22400","3","HERMOSILLO"
"5429","BCN01","22","01","21960","3","TIJUANA"
"5430","SON09","15","01","83400","3","TIJUANA"
"5431","SON02","15","01","83600","3","HERMOSILLO"
"5432","QTO02","14","01","","2","LIBRE"
"5433","DF01","01","01","09500","3","MEXICO"
"5434","TAB03","25","01","","3","CANCUN"
"5435","TAM06","23","01","87457","3","MATAMOROS"
"5436","CHI06","29","01","31000","3","CD.JUAREZ"
"5437","ZAC06","32","01","98400","2","LIBRE"
"5438","AGS02","28","01","20800","3","ZACATECAS"
"5439","EM09","02","01","54000","3","MEXICO"
"5440","MIC04","10","01","61182","3","ZAMORA"
"5441","TLA01","31","01","90450","3","PUEBLA"
"5442","HGO03","24","01","42300","3","MEXICO"
"5443","BCN02","22","01","22830","3","TIJUANA"
"5444","BCN04","22","01","22680","3","TIJUANA"
"5445","BCN04","22","01","22450","3","HERMOSILLO"
"5446","BCN03","22","01","46200","3","TIJUANA"
"5447","SON05","15","01","83190","3","HERMOSILLO"
"5448","CHI06","29","01","31060","3","CD.JUAREZ"
"5449","NL03","04","01","","3","MONTERREY"
"5450","COA05","27","01","27600","3","TORREON"
"5451","GTO06","12","01","37530","3","LEON"
"5452","GTO06","12","01","37448","2","LEON"
"5453","NL03","04","01","64530","3","MONTERREY"
"5454","JA03","03","01","","3","SALAMANCA"
"5455","GTO06","12","01","37209","3","LEON"
"5456","NL03","04","01","64550","3","MONTERREY"
"5457","GTO17","12","01","38980","2","LIBRE"
"5458","TAM06","23","01","87394","3","MATAMOROS"
"5459","COA03","27","01","26090","3","MONTERREY"
"5460","GR01","08","01","39799","3","ACAPULCO"
"5461","GTO06","12","01","37420","3","LEON"
"5462","SIN01","20","01","80210","2","LIBRE"
"5463","MIC03","10","01","60500","2","LIBRE"
"5464","COA01","27","01","25870","3","MATAMOROS"
"5465","NL03","04","01","64530","3","MONTERREY"
"5466","COA02","27","01","25700","3","MATAMOROS"
"5467","GTO01","12","01","38600","3","SALAMANCA"
"5468","GTO04","12","01","36250","2","LEON"
"5469","GTO06","12","01","37320","3","LEON"
"5470","GTO06","12","01","37380","2","LEON"
"5471","GTO04","12","01","36250","2","LEON"
"5472","NAY03","26","01","63715","3","LIBRE"
"5473","CO02","09","01","","2","COLIMA"
"5474","SLP04","19","01","78040","2","LIBRE"
"5475","SON04","15","01","85400","2","HERMOSILLO"
"5476","MIC20","10","01","61650","2","ACAPULCO"
"5477","CO01","09","01","28000","2","LIBRE"
"5478","MIC07","10","01","61940","3","ACAPULCO"
"5479","NL01","04","01","66050","3","MONTERREY"
"5480","TAM05","23","01","87090","2","MATAMOROS"
"5481","TAM10","23","01","87600","3","MATAMOROS"
"5482","GTO16","12","01","36100","2","LEON"
"5483","JA06","03","01","45480","3","LIBRE"
"5484","MIC13","10","01","58270","2","LIBRE"
"5485","MIC13","10","01","58160","2","LIBRE"
"5486","CHP06","06","01","29000","3","COMITAN"
"5487","SON03","15","01","85160","2","HERMOSILLO"
"5488","GTO06","12","01","37148","2","LEON"
"5489","CHI04","29","01","32730","3","CD.JUAREZ"
"5490","MIC22","10","01","60010","3","ACAPULCO"
"5491","ZAC01","32","01","99059","3","ZACATECAS"
"5492","ZAC10","32","01","98060","3","ZACATECAS"
"5493","SON05","15","01","83190","3","HERMOSILLO"
"5494","SIN01","20","01","80090","3","HERMOSILLO"
"5495","SIN06","20","01","82140","3","HERMOSILLO"
"5496","JA08","03","01","44950","1","LOCAL"
"5497","NAY06","26","01","63000","3","TEPIC"
"5498","GTO03","12","01","38040","3","SAN LUIS DE LA PAZ"
"5499","MIC13","10","01","58230","2","MORELIA"
"5500","SLP04","19","01","78000","3","MATAMOROS"
"5501","SLP04","19","01","78030","2","MATAMOROS"
"5502","MIC10","10","01","60950","2","ACAPULCO"
"5503","MIC14","10","01","61760","3","ACAPULCO"
"5504","MIC02","10","01","61830","3","ACAPULCO"
"5505","MIC22","10","01","60080","3","ACAPULCO"
"5506","MIC13","10","01","58111","2","MORELIA"
"5507","EM10","02","01","","3","MEXICO"
"5508","DUR02","30","01","34250","3","TORREON"
"5509","NL03","04","01","64536","3","MONTERREY"
"5510","GTO03","12","01","38080","2","LIBRE"
"5511","GTO06","12","01","37530","3","LEON"
"5512","NAY06","26","01","63180","2","LIBRE"
"5513","JA15","03","01","48330","1","LOCAL"
"5514","GTO03","12","01","38080","2","SAN LUIS DE LA PAZ"
"5515","MIC19","10","01","61800","3","MORELIA"
"5516","MIC22","10","01","60110","3","ACAPULCO"
"5517","GR02","08","01","33800","3","ACAPULCO"
"5518","VER04","11","01","92709","3","MATAMOROS"
"5519","GTO16","12","01","36100","3","LEON"
"5520","GTO06","12","01","37680","3","LEON"
"5521","BCN03","22","01","85349","3","TIJUANA"
"5522","SLP04","19","01","78000","2","LIBRE"
"5523","SIN05","20","01","81200","3","HERMOSILLO"
"5524","GTO03","12","01","38060","3","SAN LUIS DE LA PAZ"
"5525","SIN03","20","01","81450","2","LIBRE"
"5526","GTO06","12","01","37150","2","LEON"
"5527","SLP04","19","01","78000","2","LIBRE"
"5528","DF01","01","01","04919","3","MEXICO"
"5529","MIC13","10","01","58000","3","MORELIA"
"5530","JA18","03","01","47140","2","SAN LUIS DE LA PAZ"
"5531","NL03","04","01","64530","3","MONTERREY"
"5532","NL02","04","01","67180","3","MONTERREY"
"5533","MIC22","10","01","60170","2","ACAPULCO"
"5534","TAM06","23","01","87300","3","MATAMOROS"
"5535","SLP04","19","01","78000","2","MATAMOROS"
"5536","ZAC10","32","01","98069","3","ZACATECAS"
"5537","GR06","08","01","40880","2","ACAPULCO"
"5538","MIC22","10","01","60050","2","LIBRE"
"5539","MIC22","10","01","60000","3","ACAPULCO"
"5540","JA22","03","01","47630","2","LEON"
"5541","MIC25","10","01","61500","3","ACAPULCO"
"5542","HGO01","24","01","42500","3","PUEBLA"
"5543","NL03","04","01","64580","3","MONTERREY"
"5544","SIN03","20","01","81400","2","HERMOSILLO"
"5545","SON01","15","01","84201","3","HERMOSILLO"
"5546","CO02","09","01","","3","COLIMA"
"5547","GTO15","12","01","36910","2","LIBRE"
"5548","JA02","03","01","40180","3","LEON"
"5549","MIC09","10","01","59300","3","ZAMORA"
"5550","VER18","11","01","92810","3","PUEBLA"
"5551","JA04","03","01","48900","3","LIBRE"
"5552","JA04","03","01","48900","3","ZAMORA"
"5553","TAM06","23","01","","3","MATAMOROS"
"5554","AGS01","28","01","20210","3","ZACATECAS"
"5555","JA17","03","01","47000","3","LEON"
"5556","MIC09","10","01","59370","3","ZAMORA"
"5557","CHP01","06","01","30019","3","COMITAN"
"5558","SON05","15","01","83000","3","HERMOSILLO"
"5559","GTO11","12","01","36300","3","LEON"
"5560","JA04","03","01","48900","3","ZAMORA"
"5561","TAM06","23","01","87300","3","MATAMOROS"
"5562","ZAC05","32","01","99900","3","LIBRE"
"5563","MIC22","10","01","60050","2","LIBRE"
"5564","SON05","15","01","83180","3","HERMOSILLO"
"5565","PUE01","18","01","75110","3","PUEBLA"
"5566","CO01","09","01","28047","2","LIBRE"
"5567","JA14","03","01","45950","3","ZAMORA"
"5568","HGO05","24","01","43710","3","MEXICO"
"5569","TLA02","31","01","90200","3","PUEBLA"
"5570","COA04","27","01","25000","3","MONTERREY"
"5571","GTO03","12","01","38050","2","LIBRE"
"5572","PUE02","18","01","93750","3","PUEBLA"
"5573","VER03","11","01","94500","3","PUEBLA"
"5574","GTO07","12","01","36470","2","LEON"
"5575","GR04","08","01","39087","3","ACAPULCO"
"5576","MIC10","10","01","60950","2","LIBRE"
"5577","MIC15","10","01","67607","3","ACAPULCO"
"5578","JA05","03","01","49000","3","CIUDAD GUZMAN"
"5579","JA11","03","01","48850","3","LIBRE"
"5580","MIC13","10","01","58210","3","MORELIA"
"5581","MIC13","10","01","58146","3","MORELIA"
"5582","SLP04","19","01","78160","2","MATAMOROS"
"5583","MIC24","10","01","59610","3","ZAMORA"
"5584","NL03","04","01","64580","3","MONTERREY"
"5585","COA04","27","01","25000","3","MONTERREY"
"5586","NAY08","26","01","","3","TEPIC"
"5587","NAY05","26","01","63440","2","TEPIC"
"5588","QR01","05","01","77500","3","CANCUN"
"5589","EM03","02","01","52231","3","MEXICO"
"5590","SON03","15","01","85160","3","HERMOSILLO"
"5591","VER01","11","01","92730","3","MATAMOROS"
"5592","MIC14","10","01","61760","3","ACAPULCO"
"5593","CHP06","06","01","29000","3","COMITAN"
"5594","CHP07","06","01","30470","3","COMITAN"
"5595","CHP03","06","01","29240","3","COMITAN"
"5596","NL03","04","01","64580","3","MONTERREY"
"5597","GR04","08","01","39036","3","ACAPULCO"
"5598","ZAC05","32","01","99900","3","ZACATECAS"
"5599","TAB02","25","01","86700","3","CANCUN"
"5600","MIC05","10","01","59940","2","LIBRE"
"5601","EM10","02","01","50190","3","MEXICO"
"5602","PUE06","18","01","75700","3","PUEBLA"
"5603","DF01","01","01","06250","3","MEXICO"
"5604","OA01","07","01","71500","3","COMITAN"
"5605","COA05","27","01","27000","3","TORREON"
"5606","GTO03","12","01","38070","3","SAN LUIS DE LA PAZ"
"5607","JA17","03","01","47000","3","LEON"
"5608","MIC22","10","01","60050","2","LIBRE"
"5609","NAY06","26","01","","2","LIBRE"
"5610","MIC10","10","01","60950","2","LIBRE"
"5611","GTO03","12","01","38090","2","SAN LUIS DE LA PAZ"
"5612","ZAC10","32","01","98050","3","ZACATECAS"
"5613","SIN01","20","01","80260","2","LIBRE"
"5614","JA17","03","01","47000","3","LEON"
"5615","NAY06","26","01","63060","3","TEPIC"
"5616","GTO02","12","01","38191","3","SAN LUIS DE LA PAZ"
"5617","NL02","32","01","","3","ZACATECAS"
"5618","NL01","04","01","66050","3","MONTERREY"
"5619","PUE03","18","01","72080","3","PUEBLA"
"5620","BCS02","21","01","23060","2","LIBRE"
"5621","DF01","01","01","03660","3","MEXICO"
"5622","MIC16","10","01","","2","ACAPULCO"
"5623","DF01","01","01","","1","MEXICO"
"5624","GTO06","12","01","37440","2","LEON"
"5625","JA26","03","01","47570","2","LIBRE"
"5626","MIC11","10","01","60330","3","ZAMORA"
"5627","MIC24","10","01","","3","ZAMORA"
"5628","GR01","08","01","39355","3","ACAPULCO"
"5629","CHI06","29","01","31000","3","CD.JUAREZ"
"5630","NL03","04","01","64550","3","MONTERREY"
"5631","SLP04","19","01","78299","2","LIBRE"
"5632","PUE03","18","01","72050","3","PUEBLA"
"5633","EM05","02","01","52140","3","MEXICO"
"5634","GTO03","12","01","38033","2","LIBRE"
"5635","MIC13","10","01","58030","2","LIBRE"
"5636","CHP02","06","01","29950","3","COMITAN"
"5637","CHP04","06","01","30780","3","COMITAN"
"5638","AGS01","28","01","20030","3","ZACATECAS"
"5639","MOR03","13","01","62670","3","MEXICO"
"5640","EM10","02","01","50090","3","MEXICO"
"5641","COA05","27","01","27000","3","TORREON"
"5642","VER21","11","01","36000","3","PUEBLA"
"5643","NL03","04","01","64580","3","MONTERREY"
"5644","MIC22","10","01","60050","2","LIBRE"
"5645","SLP04","19","01","78280","3","MATAMOROS"
"5646","GTO14","12","01","37710","2","LIBRE"
"5647","MIC13","10","01","58270","2","LIBRE"
"5648","CHI04","29","01","32650","3","CD.JUAREZ"
"5649","COA05","27","01","27320","3","TORREON"
"5650","DF01","01","01","07370","3","MEXICO"
"5651","MIC01","10","01","60600","3","ACAPULCO"
"5652","GTO06","12","01","37420","3","LEON"
"5653","GTO07","12","01","36470","2","LIBRE"
"5654","MIC24","10","01","59689","2","LIBRE"
"5655","PUE03","18","01","72050","3","PUEBLA"
"5656","TAM09","23","01","","2","MATAMOROS"
"5657","COA04","27","01","25000","3","MONTERREY"
"5658","ZAC01","32","01","09900","3","ZACATECAS"
"5659","JA20","03","01","45300","3","LIBRE"
"5660","GTO02","12","01","38160","3","SAN LUIS DE LA PAZ"
"5661","QTO01","14","01","76830","3","SAN LUIS DE LA PAZ"
"5662","AGS01","28","01","20070","3","ZACATECAS"
"5663","MIC09","10","01","56370","2","LIBRE"
"5664","DF01","01","01","06250","3","MEXICO"
"5665","GTO03","12","01","38040","2","LIBRE"
"5666","CO01","09","01","28046","3","COLIMA"
"5667","CHP01","06","01","","3","COMITAN"
"5668","SIN05","20","01","81200","3","HERMOSILLO"
"5669","MIC13","10","01","58210","3","MORELIA"
"5670","GR06","08","01","40880","3","ACAPULCO"
"5671","NAY06","26","01","63060","3","TEPIC"
"5672","HGO01","24","01","42500","3","PUEBLA"
"5673","MIC01","10","01","60500","3","ACAPULCO"
"5674","CHI06","29","01","31238","3","CD.JUAREZ"
"5675","ZAC04","32","01","98300","3","CD.JUAREZ"
"5676","SON07","15","01","21622","3","HERMOSILLO"
"5677","JA17","03","01","47000","3","LEON"
"5678","OA01","07","01","71500","3","COMITAN"
"5679","VER19","11","01","","3","PUEBLA"
"5680","VER10","11","01","91680","3","PUEBLA"
"5681","JA10","03","01","47910","3","ZAMORA"
"5682","NAY07","26","01","63550","3","TEPIC"
"5683","NL02","04","01","67128","3","MONTERREY"
"5684","JA01","03","01","46600","3","LIBRE"
"5685","MIC18","10","01","","2","LIBRE"
"5686","SLP07","19","01","65081","3","MATAMOROS"
"5687","DF01","01","01","08220","3","MEXICO"
"5688","MIC10","10","01","60950","2","LIBRE"
"5689","MIC06","10","01","58840","3","ZAMORA"
"5690","SIN03","20","01","81440","3","HERMOSILLO"
"5691","PUE08","18","01","73900","3","PUEBLA"
"5692","ZAC02","32","01","98614","3","ZACATECAS"
"5693","ZAC10","32","01","98053","3","ZACATECAS"
"5694","TAM05","23","01","87120","3","MATAMOROS"
"5695","SLP06","19","01","79961","3","MATAMOROS"
"5696","MIC21","10","01","60540","3","ACAPULCO"
"5697","MIC22","10","01","60000","2","LIBRE"
"5698","TAM06","23","01","","3","MATAMOROS"
"5699","TLA02","31","01","90200","3","PUEBLA"
"5700","VER19","11","01","91910","3","PUEBLA"
"5701","ZAC01","32","01","99011","3","ZACATECAS"
"5702","NL03","04","01","64040","2","MONTERREY"
"5703","MIC23","10","01","58600","3","ZAMORA"
"5704","TAM08","23","01","","3","MATAMOROS"
"5705","TAM06","23","01","87560","3","MATAMOROS"
"5706","TAM06","23","01","87351","3","MATAMOROS"
"5707","MIC10","10","01","60950","2","LIBRE"
"5708","MIC01","10","01","60620","3","ACAPULCO"
"5709","CHI02","29","01","31540","3","CD.JUAREZ"
"5710","GTO06","12","01","37670","2","LIBRE"
"5711","CHI04","29","01","32580","3","CD.JUAREZ"
"5712","CHI04","29","01","32600","3","CD.JUAREZ"
"5713","CAM01","17","01","24050","3","CANCUN"
"5714","OA09","07","01","68050","2","LIBRE"
"5715","YU01","16","01","09700","3","CANCUN"
"5716","VER06","11","01","95676","3","CANCUN"
"5717","VER20","11","01","91060","3","PUEBLA"
"5718","MIC13","10","01","58170","2","LIBRE"
"5719","TAM04","23","01","88860","3","MATAMOROS"
"5720","MIC22","10","01","60140","3","ACAPULCO"
"5721","VER14","11","01","93290","3","PUEBLA"
"5722","SON03","15","01","85140","3","HERMOSILLO"
"5723","MIC15","10","01","61600","2","LIBRE"
"5724","TLA01","31","01","90300","3","PUEBLA"
"5725","JA15","03","01","04890","2","LIBRE"
"5726","MIC23","10","01","58600","2","LIBRE"
"5727","CO02","09","01","28130","2","LIBRE"
"5728","TAM09","23","01","89050","3","MATAMOROS"
"5729","MIC01","10","01","60640","3","ACAPULCO"
"5730","MIC22","10","01","60050","2","LIBRE"
"5731","YU01","16","01","97210","3","CANCUN"
"5732","TAM06","23","01","87390","2","LIBRE"
"5733","SIN05","20","01","81280","3","HERMOSILLO"
"5734","NAY06","26","01","63080","3","TEPIC"
"5735","CHP06","06","01","29080","3","COMITAN"
"5736","QR02","05","01","77000","3","CANCUN"
"5737","QR02","05","01","39010","3","CANCUN"
"5738","QR02","05","01","77000","3","CANCUN"
"5739","YU01","16","01","97176","3","CANCUN"
"5740","GTO05","12","01","36560","2","SALVATIERRA"
"5741","OA06","07","01","71600","3","ACAPULCO"
"5742","MIC14","10","01","60760","3","ACAPULCO"
"5743","TAM01","23","01","89609","3","MATAMOROS"
"5744","GTO06","12","01","37530","3","LEON"
"5745","CO01","09","01","28040","3","COLIMA"
"5746","ZAC10","32","01","98056","2","LIBRE"
"5747","TAM02","23","01","89470","3","MATAMOROS"
"5748","GTO11","12","01","43220","2","LIBRE"
"5749","TAB03","25","01","86040","3","CANCUN"
"5750","TAB01","25","01","85000","3","CANCUN"
"5751","GTO06","12","01","37370","2","LIBRE"
"5752","MIC22","10","01","60050","2","LIBRE"
"5753","YU01","16","01","97000","3","CANCUN"
"5754","TAB03","25","01","86000","3","CANCUN"
"5755","MIC01","10","01","60670","3","ACAPULCO"
"5756","QR03","05","01","","3","CANCUN"
"5757","EM11","02","01","54946","3","MEXICO"
"5758","QTO02","14","01","76150","3","SAN LUIS DE LA PAZ"
"5759","GTO05","12","01","36567","3","SALVATIERRA"
"5760","TAM05","23","01","87010","3","MATAMOROS"
"5761","DF01","01","01","06250","2","LIBRE"
"5762","SON05","15","01","83190","2","HERMOSILLO"
"5763","CHI06","29","01","31030","3","CD.JUAREZ"
"5764","NAY06","26","01","63156","1","TEPIC"
"5765","DF01","02","01","54770","3","MEXICO"
"5766","MOR01","13","01","62460","3","MEXICO"
"5767","COA05","27","01","27100","3","TORREON"
"5768","COA05","27","01","27000","3","TORREON"
"5769","COA05","27","01","27168","3","TORREON"
"5770","MIC01","10","01","60699","3","ACAPULCO"
"5771","MIC13","10","01","58120","3","MORELIA"
"5772","BCS01","21","01","","2","LIBRE"
"5773","GTO01","12","01","38600","3","SALAMANCA"
"5774","NAY02","26","01","63941","2","LIBRE"
"5775","SON07","15","01","85890","2","HERMOSILLO"
"5776","EM09","02","01","54060","3","MEXICO"
"5777","SON05","15","01","83190","2","LIBRE"
"5778","TAM06","23","01","87560","3","MATAMOROS"
"5779","MIC07","10","01","61940","3","ACAPULCO"
"5780","GR01","08","01","39650","3","ACAPULCO"
"5781","YU01","16","01","97200","3","CANCUN"
"5782","NL05","04","01","64320","3","MONTERREY"
"5783","MIC13","10","01","58130","2","LIBRE"
"5784","OA06","07","01","71600","3","ACAPULCO"
"5785","GTO02","12","01","38160","3","SAN LUIS DE LA PAZ"
"5786","TAB03","25","01","86000","2","CANCUN"
"5787","DF01","01","01","09510","3","MEXICO"
"5788","VER14","11","01","93330","3","PUEBLA"
"5789","NL03","04","01","64460","3","MONTERREY"
"5790","JA07","03","01","47980","3","ZAMORA"
"5791","SLP05","19","01","78430","2","LIBRE"
"5792","AGS01","28","01","20230","2","ZACATECAS"
"5793","DF02","01","01","05500","3","MEXICO"
"5794","OA10","07","01","71700","3","ACAPULCO"
"5795","MIC01","10","01","60699","3","ACAPULCO"
"5796","CHP03","06","01","29240","3","COMITAN"
"5797","SON05","15","01","83278","2","LIBRE"
"5798","SIN04","20","01","81000","3","HERMOSILLO"
"5799","JA17","03","01","47000","3","LEON"
"5800","GTO01","12","01","38600","2","LIBRE"
"5801","CHI04","29","01","32390","3","CD.JUAREZ"
"5802","CHI06","29","01","31106","3","CD.JUAREZ"
"5803","COA05","27","01","27110","3","TORREON"
"5804","SIN04","20","01","81020","2","LIBRE"
"5805","CHI06","29","01","31107","3","CD.JUAREZ"
"5806","CHI06","29","01","31350","3","CD.JUAREZ"
"5807","CHI01","29","01","","3","CD.JUAREZ"
"5808","DF01","01","01","06250","3","MEXICO"
"5809","CHP01","06","01","30077","3","COMITAN"
"5810","OA03","07","01","70000","3","COMITAN"
"5811","YU01","16","01","97050","3","CANCUN"
"5812","GTO06","12","01","37530","3","LEON"
"5813","GTO08","12","01","38870","2","LIBRE"
"5814","SIN01","20","01","80000","2","LIBRE"
"5815","SLP05","19","01","78437","3","MATAMOROS"
"5816","SLP04","19","01","78000","3","MATAMOROS"
"5817","CHI02","29","01","","2","CD.JUAREZ"
"5818","VER21","11","01","94930","3","CANCUN"
"5819","CAM02","17","01","24115","3","CANCUN"
"5820","SLP04","19","01","","2","MATAMOROS"
"5821","GTO07","12","01","36470","3","ZAMORA"
"5822","SON07","15","01","85880","3","HERMOSILLO"
"5823","OA10","07","01","71700","3","ACAPULCO"
"5824","CO01","09","01","28000","2","COLIMA"
"5825","SON05","15","01","83260","2","HERMOSILLO"
"5826","CHP06","06","01","29000","3","COMITAN"
"5827","GTO03","12","01","38090","3","SAN LUIS DE LA PAZ"
"5828","VER14","11","01","93230","3","PUEBLA"
"5829","MIC24","10","01","59699","2","ZAMORA"
"5830","GTO06","12","01","37448","3","LEON"
"5831","VER14","11","01","93230","3","PUEBLA"
"5832","CHP03","06","01","29270","3","COMITAN"
"5833","OA08","07","01","70610","3","COMITAN"
"5834","OA08","07","01","70630","3","COMITAN"
"5835","AGS01","28","01","20270","2","ZACATECAS"
"5836","GTO11","12","01","36340","2","LEON"
"5837","EM12","02","01","50640","3","MEXICO"
"5838","GTO06","12","01","","3","LEON"
"5839","MIC24","10","01","59660","2","ZAMORA"
"5840","SON03","15","01","85196","3","HERMOSILLO"
"5841","QR01","05","01","77500","3","CANCUN"
"5842","GTO14","12","01","37700","3","SAN LUIS DE LA PAZ"
"5843","GTO05","12","01","36570","3","SALVATIERRA"
"5844","OA12","07","01","","3","COMITAN"
"5845","ZAC11","32","01","98530","3","ZACATECAS"
"5846","GTO11","12","01","36350","2","LEON"
"5847","TAM10","23","01","87600","3","MATAMOROS"
"5848","SIN01","20","01","80210","2","HERMOSILLO"
"5849","ZAC04","32","01","98300","3","TORREON"
"5850","SON03","15","01","85150","3","HERMOSILLO"
"5851","MIC24","10","01","59660","2","ZAMORA"
"5852","JA04","03","01","48900","3","LIBRE"
"5853","SLP04","19","01","78040","3","MATAMOROS"
"5854","SLP05","19","01","78430","3","MATAMOROS"
"5855","OA05","07","01","68000","3","COMITAN"
"5856","SIN04","20","01","0.0","3","HERMOSILLO"
"5857","OA11","07","01","68380","3","CANCUN"
"5858","TAB03","25","01","86100","3","CANCUN"
"5859","COA04","27","01","25000","3","MONTERREY"
"5860","SLP07","19","01","79040","3","LIBRE"
"5861","COA04","27","01","25000","3","MONTERREY"
"5862","GTO09","12","01","36700","3","LEON"
"5863","GTO05","12","01","36544","2","SALVATIERRA"
"5864","MIC09","10","01","59374","3","ZAMORA"
"5865","JA15","03","01","43330","3","LIBRE"
"5866","AGS04","28","01","20700","3","ZACATECAS"
"5867","QTO02","14","01","73130","3","SAN LUIS DE LA PAZ"
"5868","GTO06","12","01","37430","3","LEON"
"5869","OA05","07","01","68020","3","COMITAN"
"5870","TAM04","23","01","0.0","3","MATAMOROS"
"5871","TAM06","23","01","0.0","3","MATAMOROS"
"5872","SLP05","19","01","78433","3","MATAMOROS"
"5873","TAM02","23","01","89430","3","MATAMOROS"
"5874","HGO06","24","01","42330","3","PUEBLA"
"5875","OA06","07","01","71600","3","ACAPULCO"
"5876","MIC10","10","01","60950","3","ACAPULCO"
"5877","ZAC09","32","01","99200","3","ZACATECAS"
"5878","CHI06","29","01","31350","3","CD.JUAREZ"
"5879","DF01","01","01","14000","1","LOCAL"
"5880","QTO03","14","01","76340","3","MATAMOROS"
"5881","GTO03","12","01","38050","3","SAN LUIS DE LA PAZ"
"5882","SON05","15","01","0.0","3","HERMOSILLO"
"5883","DUR02","30","01","34000","3","TORREON"
"5884","COA05","27","01","27000","3","TORREON"
"5885","CO01","09","01","28000","3","COLIMA"
"5886","QTO04","14","01","76750","3","SAN LUIS DE LA PAZ"
"5887","SON10","15","01","84620","3","HERMOSILLO"
"5888","NL03","04","01","64550","3","MONTERREY"
"5889","SON11","15","01","55900","3","HERMOSILLO"
"5890","OA13","07","01","71000","3","ACAPULCO"
"5891","CHI10","29","01","31500","3","CD.JUAREZ"
"5892","TAM11","23","01","87500","3","MATAMOROS"
"5893","CO01","09","01","28040","3","COLIMA"
"5894","DUR02","30","01","34240","3","TORREON"
"5895","MIC13","10","01","58150","3","MORELIA"
"5896","QR02","05","01","77000","3","CANCUN"
"5897","CAM01","17","01","24040","3","CANCUN"
"5898","OA14","07","01","69800","3","COMITAN"
"5899","YU01","16","01","97000","3","CANCUN"
"5900","QTO02","14","01","76150","2","LEON"
"5901","VER19","11","01","91960","3","PUEBLA"
"5902","YU01","16","01","97119","3","CANCUN"
"5903","DF01","01","01","16090","3","MEXICO"
"5904","TAM09","23","01","89070","3","MATAMOROS"
"5905","DUR04","30","01","34640","2","TORREON"
"5906","SON01","15","01","84200","3","MATAMOROS"
"5907","TAM06","23","01","87390","3","MATAMOROS"
"5908","JA28","03","01","49650","3","CIUDAD GUZMAN"
"5910","TAM09","23","01","89000","3","MATAMOROS"
"5911","MIC13","10","01","58250","2","MORELIA"
"5912","GTO06","12","01","37128","3","LEON"
"5913","TAM04","23","01","88730","3","MONTERREY"
"5914","JA27","03","01","45080","1","LOCAL"
"5915","QT005","14","01","76099","3","SAN LUIS DE LA PAZ"
"5916","JA27","03","01","45050","1","LOCAL"
"5917","JA08","03","01","44690","1","LOCAL"
"5918","SLP08","19","01","78430","3","MATAMOROS"
"5919","GR04","08","01","39036","3","ACAPULCO"
"5920","MIC23","10","01","0000","3","MORELIA"
"5921","SLP09","19","01","79402","2","MATAMOROS"
"5922","ZAC03","32","01","99300","3","ZACATECAS"
"5923","QR01","05","01","77500","2","CANCUN"
"5924","CHI06","29","01","31440","3","CD.JUAREZ"
"5925","MIC17","10","01","59000","3","ZAMORA"
"5926","AGS01","28","01","20140","3","ZACATECAS"
"5927","PUE09","18","01","73800","3","PUEBLA"
"5928","PUE03","18","01","72080","3","PUEBLA"
"5929","MIC15","10","01","61600","3","ACAPULCO"
"5930","ZAC11","32","01","98760","3","ZACATECAS"
"5931","CHI06","29","01","0.0","3","CD.JUAREZ"
"5932","SON03","15","01","85000","2","HERMOSILLO"
"5933","TAM09","23","01","0.0","3","MATAMOROS"
"5934","JA17","03","01","47000","3","LEON"
"5935","ZAC01","32","01","99000","3","ZACATECAS"
"5936","ZAC12","32","01","0.0",,"ZACATECAS"
"5937","GTO06","12","01","37429","3","LEON"
"5938","BCN04","22","01","22015","3","TIJUANA"
"5939","CO03","09","01","28984","3","COLIMA"
"5940","GTO03","12","01","38020","3","LEON"
"5941","QTO02","14","01","76110","3","SAN LUIS DE LA PAZ"
"5942","CHI09","29","01","46080","3","CD.JUAREZ"
"5943","ZAC10","32","01","98056","3","ZACATECAS"
"5944","GTO19","12","01","38300","3","SALVATIERRA"
"5945","QTO02","14",,"76130","3","SAN LUIS DE LA PAZ"
"5946","SON02","15","01","83600","3","HERMOSILLO"
"5947","GTO06","12","01","37350","3","LEON"
"5948","SIN05","20","01","81247","3","HERMOSILLO"
"5949","MIC04","10","01","61100","3","MORELIA"
"5950","EM10","02","01","50150","3","MEXICO"
"5951","MIC21","10","01","60540","3","ACAPULCO"
"5952","EM13","02","01","02050","3","MEXICO"
"5953","EM10","02","01","50150","3","MEXICO"
"5954","SLP05","19","01","78431","3","MATAMOROS"
"5955","HGO01","24","01","42500","3","PUEBLA"
"5956","TAB03","25","01","86080","3","CANCUN"
"5957","MIC04","10","01","61182","3","MORELIA"
"5958","MIC13","10","01","58230","3","MORELIA"
"5959","COA05","27","01","27010","3","TORREON"
"5960","MIC22","10","01","60220","2","ACAPULCO"
"5961","SLP02","19","01","78700","3","MONTERREY"
"5962","ZAC06","32","01","98400","3","TORREON"
"5963","MIC12","10","01","61250","3","MORELIA"
"5964","MIC03","10","01","60500","2","ACAPULCO"
"5965","HGO03","24","01","42320","3","PUEBLA"
"5966","JA 28","03","01","47270","3","LEON"
"5967","ZAC06","32","01","98400","3","ZACATECAS"
"5968","QTO06","14","01","76900","3","SAN LUIS DE LA PAZ"
"5969","DUR02","30","01","34240","3","TORREON"
"5970","SON12","15","01","84600","3","HERMOSILLO"
"5971","GR01","08","01","39350","3","ACAPULCO"
"5972","SLP05","19","01","78430","3","MATAMOROS"
"5973","EM10","02","01","52231","3","MEXICO"
"5974","SLP04","19","01","78153","3","MATAMOROS"
"5975","GTO01","12","01","38670","3","SALVATIERRA"
"5976","YU01","16","01","97136","3","CANCUN"
"5977","MIC01","10","01","60680","3","ACAPULCO"
"5978","EM08","02","01","07010","3","ACAPULCO"
"5979","SON05","15","01","83140","3","HERMOSILLO"
"5980","QTO02","14","01","76040","3","SAN LUIS DE LA PAZ"
"5981","COA05","27","01","27060","3","TORREON"
"5982","ZAC10","32","01","98045","3","ZACATECAS"
"5983","DUR04","30","01","34632","3","CD.JUAREZ"
"5984","DUR05","30","01","34890","3","TORREON"
"5985","COA05","27","01","27000","3","TORREON"
"5986","JA13","03","01","47470","3","LEON"
"5987","HGO04","24","01","42090","3","PUEBLA"
"5988","HGO05","24","01","43610","3","PUEBLA"
"5989","OA15","07","01","71050","3","ACAPULCO"
"5990","TAM12","23","01","88300","3","MATAMOROS"
"5991","EM08","02","01","55760","3","MEXICO"
"5992","EM08","02","01","55770","3","MEXICO"
"5993","GTO06","12","01","37460","3","LEON"
"5994","SON08","15","01","84080","3","HERMOSILLO"
"5995","CO01","09","01","28000","3","COLIMA"
"5996","VER16","11","01","92902","3","PUEBLA"
"5997","CHI09","29","01","33800","3","CD.JUAREZ"
"5998","CHI06","29","01","31275","3","CD.JUAREZ"
"5999","TAM10","23","01","87602","3","MATAMOROS"
"6000","VER16","11","01","92900","3","PUEBLA"
"6001","HGO07","24","01","42180","3","PUEBLA"
"6002","NAY09","26","01","63341","3","HERMOSILLO"
"6003","TAM03","23","01","89800","3","MATAMOROS"
"6004","EM08","02","01","55746","3","MEXICO"
"6005","SON05","15","01","83270","3","HERMOSILLO"
"6006","MIC09","10","01","59374","2","ZAMORA"
"6007","SIN05","20","01","81290","3","HERMOSILLO"
"6008","HGO05","24","01","43630","3","PUEBLA"
"6009","GR05","08","01","40020","3","ACAPULCO"
"6010","TAB03","25","01","86190","3","CANCUN"
"6011","GR01","08","01","39560","3","ACAPULCO"
"6012","SLP10","19","01","79560","3","MATAMOROS"
"6013","GR07","08","01","40660","3","ACAPULCO"
"6014","VER11","11","01","94337","3","PUEBLA"
"6015","QT005","14","01","76110","3","SAN LUIS DE LA PAZ"
"6016","PUE03","18","01","72080","3","PUEBLA"
"6017","ZAC13","32","01","98500","3","ZACATECAS"
"6018","CHP06","06","01","29000","3","COMITAN"
"6019","DF01","01","01","11300","3","MEXICO"
"6020","CO04","09","01","28219","3","COLIMA"
"6021","GTO09","12","01","36700","3","LEON"
"6022","EM10","02","01","50071","3","MEXICO"
"6023","DUR01","30","01","35230","3","CD.JUAREZ"
"6024","EM14","02","01","54050","3","MEXICO"
"6025","GTO06","12","01","37340","3","LEON"
"6026","QR04","05","01","77600","3","CANCUN"
"6027","MOR01","13","01","62250","3","MEXICO"
"6028","VER22","11","01","91658","3","PUEBLA"
"6029","MIC10","10","01","60950","3","ACAPULCO"
"6030","EM15","02","01","56300","3","MEXICO"
"6031","EM04","02","01","55024","3","MEXICO"
"6032","EM04","02","01","55119","3","MEXICO"
"6033","HGO01","24","01","42500","3","PUEBLA"
"6034","CHI01","29","01","33700","3","CD.JUAREZ"
"6035","TAB03","25","01","86050","3","CANCUN"
"6036","EM16","02","01","57720","3","MEXICO"
"6037","TAB03","25","01","86060","3","CANCUN"
"6038","QR03","05","01","77710","3","CANCUN"
"6039","CHI02","29","01","31530","3","CD.JUAREZ"
"6040","MOR01","13","01","62460","3","MEXICO"
"6041","COA05","27","01","27000","3","TORREON"
"6042","MIC22","10","01","60190","3","ACAPULCO"
"6043","NL03","04","01","64530","3","MONTERREY"
"6044","GT020","12","01","36900","3","SALVATIERRA"
"6045","MOR01","13","01","62250","3","MEXICO"
"6046","HG008","24","01","43800","3","MEXICO"
"6047","BCS01","21","01","23450","2","LIBRE"
"6048","VER20","11","01","91130","3","PUEBLA"
"6049","HGO09","24","01","42950","3","MEXICO"
"6050","MIC13","10","01","58118","3","MORELIA"
"6051","CHI09","29","01","33320","3","CD.JUAREZ"
"6052","OA16","07","01","71230","3","COMITAN"
"6053","VER14","11","01","93290","3","PUEBLA"
"6054","GR07","08","01","40660","3","ACAPULCO"
"6055","EM17","02","01","51440","3","MEXICO"
"6056","TAM02","23","01","89450","3","MATAMOROS"
"6057","PUE03","18","01","72050","3","PUEBLA"
"6058","CHI06","29","01","31160","3","CD.JUAREZ"
"6059","SLP11","19","01","79200","3","MATAMOROS"
"6060","SON13","15","01","84160","3","HERMOSILLO"
"6061","MIC23","10","01","58629","3","MORELIA"
"9999","JA27","03","01","0.0","1","LOCAL"
