"Articulo1","Articulo2","ClaveCliente","ClaveVendedor","FoliosJuntos"
"221-1110L","221-1110R","5056","8","5"
"BTPU79RL","BTPU79RR","5056","8","4"
"ELFPU97CL","ELFPU97CR","5421","4","4"
"331-1106L","331-1106R","5421","4","4"
"CCGP97","CCSU97","5130","1","4"
"CCCA91","CDPU94","5453","1","3"
"CDSH91","CFPU97A","5223","1","3"
"CCGP97","CFCN98","5130","1","3"
"CCSU97","CFCN98","5130","1","3"
"221-1110L","BTPU79RL","5056","8","3"
"221-1110L","BTPU79RR","5056","8","3"
"221-1110R","BTPU79RL","5056","8","3"
"221-1110R","BTPU79RR","5056","8","3"
"DDCPU92CB","SFPU87L","5223","1","3"
"333-1931L","333-1931R","5124","1","3"
"96301Y02G0","96302Y02G0","5777","7","3"
"96301Y02G0","96302Y02G0","0008","3","3"
"CNT392","DTNT392N","5841","7","3"
"DDNT392N","DTNT392N","5841","7","3"
"CNT392","MPDPU92CC","5159","7","3"
"CNT392","SDPU81R","5159","7","3"
"MPDPU92CC","SDPU81R","5159","7","3"
"212-1552L2","212-1552R2","0008","3","3"
"DDFTO92","DTFTO89","5150","1","3"
"BTFGH92F","DDCCA91","5223","1","3"
"DTCCH94","DTNT392N","5841","7","3"
"DDNT392N","DTNT288A","5421","4","3"
"331-1534L","331-1534R","5053","2","3"
"CCCU87","CCGP97","5130","1","3"
"ELFTO89CL","ELFTO89CR","5001","7","3"
"PCPU94CH","SCPU92R","5002","8","3"
"331-1534L","331-1534R","0053","0","3"
"CCGP97","CDSP90","5130","1","3"
"SFMU99L","SFMU99R","5421","4","3"
"SFMU99L","SFPU97L","5421","4","3"
"SFMU99R","SFPU97L","5421","4","3"
"CDSH91","PFPU97CUC","5223","1","3"
"CNPU94","MRNPU94","5702","2","3"
"CNPU94","CVGO87","5702","2","3"
"CNPU94","SNPU94L","5702","2","3"
"CVGO87","SNPU94L","5702","2","3"
"CNPU94","MRNT392","5702","2","3"
"213-1123L","213-1123R","5421","4","3"
"431-1146RC","442-1102L","5092","7","3"
"431-1146RC","442-1102R","5092","7","3"
"431-1146RC","DDCMA97","5092","7","3"
"442-1102L","442-1102R","5092","7","3"
"442-1102L","DDCMA97","5092","7","3"
"442-1102R","DDCMA97","5092","7","3"
"217-1309L","217-1309R","0002","3","3"
"BTCMA97P","CDSP90","5130","1","3"
"315-1504L","315-1504R","5392","2","3"
"DDDNE94","DDDPU94C","5223","1","3"
"215-1926L","215-1926R","0008","3","3"
"DDFTO89","DTFTO89","5150","1","3"
"DDFTO89","DDFTO92","5150","1","2"
"331-1518R","DDDSP90","5103","8","2"
"331-1518R","DDDST95","5103","8","2"
"331-1518R","DDVJE99M","5103","8","2"
"331-1518R","PDPU94C","5103","8","2"
"331-1518R","SPCPU81D","5103","8","2"
"DDDSP90","DDDST95","5103","8","2"
"DDDSP90","DDVJE99M","5103","8","2"
"DDDSP90","PDPU94C","5103","8","2"
"DDDSP90","SPCPU81D","5103","8","2"
"DDDST95","DDVJE99M","5103","8","2"
"DDDST95","PDPU94C","5103","8","2"
"DDDST95","SPCPU81D","5103","8","2"
"DDVJE99M","PDPU94C","5103","8","2"
"DDVJE99M","SPCPU81D","5103","8","2"
"PDPU94C","SPCPU81D","5103","8","2"
"331-1124L","331-1124R","5206","7","2"
"ELCMA97CL","ELCMA97R","5827","2","2"
"332-1612L","DDCPU92CL","5223","1","2"
"332-1612L","DDDNE94","5223","1","2"
"332-1612L","DDDPU94C","5223","1","2"
"332-1612L","DDFPU99C","5223","1","2"
"DDCPU92CL","DDDNE94","5223","1","2"
"DDCPU92CL","DDDPU94C","5223","1","2"
"DDCPU92CL","DDFPU99C","5223","1","2"
"DDDNE94","DDFPU99C","5223","1","2"
"DDDPU94C","DDFPU99C","5223","1","2"
"CCPU92","CCS1082","5509","1","2"
"FCCH01LL","FCCH01RL","5509","1","2"
"CTPU84","SCPU92L","0011","3","2"
"CCPU92","SNPU81L","5190","6","2"
"CCPU92","SNPU81R","5190","6","2"
"SNPU81L","SNPU81R","5190","6","2"
"331-1638L","PNTS93","0024","3","2"
"CNTS94","PNPU92","0024","3","2"
"CNTS94","PP20601","0024","3","2"
"PNPU92","PP20601","0024","3","2"
"212-1539R1","212-1552L2","0008","3","2"
"212-1539R1","212-1552R2","0008","3","2"
"ATDCH84R","RV528E","0008","3","2"
"DDFEX91CB","DDFPU92CB","5091","1","2"
"DDFEX91CB","SCPU73L","5091","1","2"
"DDFPU92CB","SCPU73L","5091","1","2"
"FNDPU99L","FNDPU99R","5223","1","2"
"212-1539L1","212-1539R1","5325","1","2"
"PCPU92CH","PCPU94CH","5031","8","2"
"90067NN","PCPU89GM","5001","7","2"
"DDNT392N","PFPU92P","5421","4","2"
"DDNT392N","DTCCH94","5841","7","2"
"CNT392","DTFTO89","5150","1","2"
"CNT392","SNT392R","5150","1","2"
"DDFTO92","DDVGO93","5150","1","2"
"333-1147R","CDPU94","5449","9","2"
"333-1147R","FNDNE00R","5449","9","2"
"CDPU94","FNDNE00R","5449","9","2"
"DDNPU86CA","PNPU88A","0024","3","2"
"331-1106R","FNPU94L","5421","4","2"
"331-1106R","FNPU94R","5421","4","2"
"331-1106L","334-1101L","5421","4","2"
"331-1106L","334-1101R","5421","4","2"
"331-1106L","FNPU94L","5421","4","2"
"331-1106L","FNPU94R","5421","4","2"
"331-1106R","331-1118R","5421","4","2"
"331-1106R","331-1124L","5421","4","2"
"331-1106R","331-1124R","5421","4","2"
"331-1106R","331-1129L","5421","4","2"
"331-1106R","331-1129R","5421","4","2"
"331-1106R","331-1173L","5421","4","2"
"331-1106R","331-1173R","5421","4","2"
"331-1106R","334-1101L","5421","4","2"
"331-1106R","334-1101R","5421","4","2"
"BFNPU94L","BFNPU94R","5063","8","2"
"BFVA75L","BFVA75R","5603","4","2"
"331-1531R","TSDCPU92","5061","8","2"
"CNT288","ELTPU84CL","5124","1","2"
"CNT288","ELTPU84CR","5124","1","2"
"CNT288","SMPU86L","5124","1","2"
"ELTPU84CL","ELTPU84CR","5124","1","2"
"ELTPU84CL","SMPU86L","5124","1","2"
"ELTPU84CR","SMPU86L","5124","1","2"
"BTFGH92F","DDDST95","5223","1","2"
"DDCCA91","DDDST95","5223","1","2"
"212-1539L1","212-1539L2","5509","1","2"
"212-1539L1","212-1539R1","5509","1","2"
"212-1539L2","212-1539R1","5509","1","2"
"SNPU94L","SNPU94R","5509","1","2"
"330-1901L","330-1901R","5080","2","2"
"DDCPU99C","DTFTO89","5223","1","2"
"PNDPU94L","PNDPU94R","5099","7","2"
"215-1562L","215-1562R","5421","4","2"
"115-1501L","115-1501R","5894","9","2"
"115-1501L","212-1552R1","5894","9","2"
"115-1501L","212-1612L","5894","9","2"
"115-1501L","212-1612R","5894","9","2"
"115-1501L","212-1638L","5894","9","2"
"115-1501L","212-1638R","5894","9","2"
"115-1501L","312-1512L2","5894","9","2"
"115-1501L","312-1512R2","5894","9","2"
"115-1501L","315-1510L","5894","9","2"
"115-1501L","333-1504L","5894","9","2"
"115-1501R","212-1552R1","5894","9","2"
"115-1501R","212-1612L","5894","9","2"
"115-1501R","212-1612R","5894","9","2"
"115-1501R","212-1638L","5894","9","2"
"115-1501R","212-1638R","5894","9","2"
"115-1501R","312-1512L2","5894","9","2"
"115-1501R","312-1512R2","5894","9","2"
"115-1501R","315-1510L","5894","9","2"
"115-1501R","333-1504L","5894","9","2"
"212-1552R1","212-1612L","5894","9","2"
"212-1552R1","212-1612R","5894","9","2"
"212-1552R1","212-1638L","5894","9","2"
"212-1552R1","212-1638R","5894","9","2"
"212-1552R1","312-1512L2","5894","9","2"
"212-1552R1","312-1512R2","5894","9","2"
"212-1552R1","315-1510L","5894","9","2"
"212-1552R1","333-1504L","5894","9","2"
"212-1612L","212-1612R","5894","9","2"
"212-1612L","212-1638L","5894","9","2"
"212-1612L","212-1638R","5894","9","2"
"212-1612L","312-1512L2","5894","9","2"
"212-1612L","312-1512R2","5894","9","2"
"212-1612L","315-1510L","5894","9","2"
"212-1612L","333-1504L","5894","9","2"
"212-1612R","212-1638L","5894","9","2"
"212-1612R","212-1638R","5894","9","2"
"212-1612R","312-1512L2","5894","9","2"
"212-1612R","312-1512R2","5894","9","2"
"212-1612R","315-1510L","5894","9","2"
"212-1612R","333-1504L","5894","9","2"
"212-1638L","212-1638R","5894","9","2"
"212-1638L","312-1512L2","5894","9","2"
"212-1638L","312-1512R2","5894","9","2"
"212-1638L","315-1510L","5894","9","2"
"212-1638L","333-1504L","5894","9","2"
"212-1638R","312-1512L2","5894","9","2"
"212-1638R","312-1512R2","5894","9","2"
"212-1638R","315-1510L","5894","9","2"
"212-1638R","333-1504L","5894","9","2"
"312-1512L2","312-1512R2","5894","9","2"
"312-1512L2","315-1510L","5894","9","2"
"312-1512L2","333-1504L","5894","9","2"
"312-1512R2","315-1510L","5894","9","2"
"312-1512R2","333-1504L","5894","9","2"
"315-1510L","333-1504L","5894","9","2"
"MRCMA97S","SDSP90L","5933","8","2"
"MRCMA97S","SFCN96L","5933","8","2"
"MRCMA97S","SFEX95R","5933","8","2"
"MRCMA97S","SFPU97R","5933","8","2"
"MRCMA97S","SFRA98L","5933","8","2"
"MRCMA97S","SFRA98R","5933","8","2"
"MRCMA97S","SFSD99R","5933","8","2"
"SCPU99L","SCPU99R","5933","8","2"
"SCPU99L","SDNE00R","5933","8","2"
"SCPU99L","SDPU94L","5933","8","2"
"SCPU99L","SDPU94R","5933","8","2"
"SCPU99L","SDSP90L","5933","8","2"
"SCPU99L","SFCN96L","5933","8","2"
"SCPU99L","SFEX95R","5933","8","2"
"SCPU99L","SFPU97R","5933","8","2"
"SCPU99L","SFRA98L","5933","8","2"
"SCPU99L","SFRA98R","5933","8","2"
"SCPU99L","SFSD99R","5933","8","2"
"SCPU99R","SDNE00R","5933","8","2"
"SCPU99R","SDPU94L","5933","8","2"
"SCPU99R","SDPU94R","5933","8","2"
"SCPU99R","SDSP90L","5933","8","2"
"SCPU99R","SFCN96L","5933","8","2"
"SCPU99R","SFEX95R","5933","8","2"
"SCPU99R","SFPU97R","5933","8","2"
"SCPU99R","SFRA98L","5933","8","2"
"SCPU99R","SFRA98R","5933","8","2"
"SCPU99R","SFSD99R","5933","8","2"
"SDNE00R","SDPU94L","5933","8","2"
"SDNE00R","SDPU94R","5933","8","2"
"SDNE00R","SDSP90L","5933","8","2"
"SDNE00R","SFCN96L","5933","8","2"
"SDNE00R","SFEX95R","5933","8","2"
"SDNE00R","SFPU97R","5933","8","2"
"SDNE00R","SFRA98L","5933","8","2"
"SDNE00R","SFRA98R","5933","8","2"
"SDNE00R","SFSD99R","5933","8","2"
"SDPU94L","SDPU94R","5933","8","2"
"SDPU94L","SDSP90L","5933","8","2"
"SDPU94L","SFCN96L","5933","8","2"
"SDPU94L","SFEX95R","5933","8","2"
"SDPU94L","SFPU97R","5933","8","2"
"SDPU94L","SFRA98L","5933","8","2"
"SDPU94L","SFRA98R","5933","8","2"
"SDPU94L","SFSD99R","5933","8","2"
"SDPU94R","SDSP90L","5933","8","2"
"SDPU94R","SFCN96L","5933","8","2"
"SDPU94R","SFEX95R","5933","8","2"
"SDPU94R","SFPU97R","5933","8","2"
"SDPU94R","SFRA98L","5933","8","2"
"SDPU94R","SFRA98R","5933","8","2"
"SDPU94R","SFSD99R","5933","8","2"
"SDSP90L","SFCN96L","5933","8","2"
"SDSP90L","SFEX95R","5933","8","2"
"SDSP90L","SFPU97R","5933","8","2"
"SDSP90L","SFRA98L","5933","8","2"
"SDSP90L","SFRA98R","5933","8","2"
"SDSP90L","SFSD99R","5933","8","2"
"SFCN96L","SFEX95R","5933","8","2"
"SFCN96L","SFPU97R","5933","8","2"
"SFCN96L","SFRA98L","5933","8","2"
"SFCN96L","SFRA98R","5933","8","2"
"SFCN96L","SFSD99R","5933","8","2"
"SFEX95R","SFPU97R","5933","8","2"
"SFEX95R","SFRA98L","5933","8","2"
"SFEX95R","SFRA98R","5933","8","2"
"SFEX95R","SFSD99R","5933","8","2"
"SFPU97R","SFRA98L","5933","8","2"
"SFPU97R","SFRA98R","5933","8","2"
"SFPU97R","SFSD99R","5933","8","2"
"SFRA98L","SFRA98R","5933","8","2"
"SFRA98L","SFSD99R","5933","8","2"
"SFRA98R","SFSD99R","5933","8","2"
"15686149","15686150","0018","3","2"
"332-1168L","332-1168R","5603","4","2"
"332-1168L","BTCCU88F","5603","4","2"
"332-1168L","BTFGH92F","5603","4","2"
"332-1168R","BTCCU88F","5603","4","2"
"332-1168R","BTFGH92F","5603","4","2"
"BTCCU88F","BTFGH92F","5603","4","2"
"CCGA99","CCGP97","5130","1","2"
"ESCPU94R","PNPU83C","5764","3","2"
"212-1552L1","212-1552R2","5214","4","2"
"332-1608L","ELCCU87CL","5262","1","2"
"DDCCH02P","DTNT392N","5841","7","2"
"DTNT392N","SPDPU94","5841","7","2"
"215-1142L","215-1142R","5092","7","2"
"215-1919L2","215-1919R2","5159","7","2"
"332-1182L","333-1131L","5733","2","2"
"PFRA83C","PNT392","5733","2","2"
"PFRA83C","PNT394","5733","2","2"
"PFRA83C","PTPU89P","5733","2","2"
"PNT392","PNT394","5733","2","2"
"PNT392","PTPU89P","5733","2","2"
"PNT394","PTPU89P","5733","2","2"
"SCS1095L","SFEX91L","5733","2","2"
"SIPU88L","SMPU86L","5733","2","2"
"CCPU92","CFPU92","5733","2","2"
"ADFKA01NL","ADFKA01NR","5509","1","2"
"MPDPU92CC","SNPU81R","5031","8","2"
"BTCMA97P","CCCA95","5130","1","2"
"BTCMA97P","SDSP90L","5130","1","2"
"CDSP90","SDSP90L","5130","1","2"
"DDFPU92CB","HDDCPU99","5130","1","2"
"15686149","HDCPU92","0018","3","2"
"DDFPU92CB","DTCCA91","5223","1","2"
"ELCPU99NCL","ELCPU99NCR","5469","5","2"
"DTCCH94","ELFTO89L","5056","8","2"
"DTCCH94","ELFTO89R","5056","8","2"
"ELFTO89L","ELFTO89R","5056","8","2"
"DTNT392N","PCPU89CH","5150","1","2"
"15611495","15686149","0018","3","2"
"15611495","HDCPU92","0018","3","2"
"CFFI00","ELCS1086NL","5409","8","2"
"CFFI00","HDDPU94S","5409","8","2"
"CFFI00","SFPU92L","5409","8","2"
"ELCS1086NL","HDDPU94S","5409","8","2"
"ELCS1086NL","SFPU92L","5409","8","2"
"HDDPU94S","SFPU92L","5409","8","2"
"431-1146L","441-1130L","5409","8","2"
"431-1146L","441-1130R","5409","8","2"
"431-1146L","CFFI00","5409","8","2"
"431-1146L","ELCS1086NL","5409","8","2"
"431-1146L","HDDPU94S","5409","8","2"
"431-1146L","SFPU92L","5409","8","2"
"441-1130L","441-1130R","5409","8","2"
"441-1130L","CFFI00","5409","8","2"
"441-1130L","ELCS1086NL","5409","8","2"
"441-1130L","HDDPU94S","5409","8","2"
"441-1130L","SFPU92L","5409","8","2"
"441-1130R","CFFI00","5409","8","2"
"441-1130R","ELCS1086NL","5409","8","2"
"441-1130R","HDDPU94S","5409","8","2"
"441-1130R","SFPU92L","5409","8","2"
"332-1615L","332-1627L","5409","8","2"
"332-1615L","431-1146L","5409","8","2"
"332-1615L","441-1130L","5409","8","2"
"332-1615L","441-1130R","5409","8","2"
"332-1615L","CFFI00","5409","8","2"
"332-1615L","ELCS1086NL","5409","8","2"
"332-1615L","HDDPU94S","5409","8","2"
"332-1615L","SFPU92L","5409","8","2"
"332-1627L","431-1146L","5409","8","2"
"332-1627L","441-1130L","5409","8","2"
"332-1627L","441-1130R","5409","8","2"
"332-1627L","CFFI00","5409","8","2"
"332-1627L","ELCS1086NL","5409","8","2"
"332-1627L","HDDPU94S","5409","8","2"
"332-1627L","SFPU92L","5409","8","2"
"331-1618R","332-1109L","5409","8","2"
"331-1618R","332-1508L","5409","8","2"
"331-1618R","332-1615L","5409","8","2"
"331-1618R","332-1627L","5409","8","2"
"331-1618R","431-1146L","5409","8","2"
"331-1618R","441-1130L","5409","8","2"
"331-1618R","441-1130R","5409","8","2"
"331-1618R","CFFI00","5409","8","2"
"331-1618R","ELCS1086NL","5409","8","2"
"331-1618R","HDDPU94S","5409","8","2"
"331-1618R","SFPU92L","5409","8","2"
"332-1109L","332-1508L","5409","8","2"
"332-1109L","332-1615L","5409","8","2"
"332-1109L","332-1627L","5409","8","2"
"332-1109L","431-1146L","5409","8","2"
"332-1109L","441-1130L","5409","8","2"
"332-1109L","441-1130R","5409","8","2"
"332-1109L","CFFI00","5409","8","2"
"332-1109L","ELCS1086NL","5409","8","2"
"332-1109L","HDDPU94S","5409","8","2"
"332-1109L","SFPU92L","5409","8","2"
"332-1508L","332-1615L","5409","8","2"
"332-1508L","332-1627L","5409","8","2"
"332-1508L","431-1146L","5409","8","2"
"332-1508L","441-1130L","5409","8","2"
"332-1508L","441-1130R","5409","8","2"
"332-1508L","CFFI00","5409","8","2"
"332-1508L","ELCS1086NL","5409","8","2"
"332-1508L","HDDPU94S","5409","8","2"
"332-1508L","SFPU92L","5409","8","2"
"212-1945L","331-1618R","5409","8","2"
"212-1945L","332-1109L","5409","8","2"
"212-1945L","332-1508L","5409","8","2"
"212-1945L","332-1615L","5409","8","2"
"212-1945L","332-1627L","5409","8","2"
"212-1945L","431-1146L","5409","8","2"
"212-1945L","441-1130L","5409","8","2"
"212-1945L","441-1130R","5409","8","2"
"212-1945L","CFFI00","5409","8","2"
"212-1945L","ELCS1086NL","5409","8","2"
"212-1945L","HDDPU94S","5409","8","2"
"212-1945L","SFPU92L","5409","8","2"
"DDFVA97C","ELFPU97CR","5421","4","2"
"DDFVA97C","ELNT288L","5421","4","2"
"DDFVA97C","RDCCH94","5421","4","2"
"DDFVA97C","SPCLU97","5421","4","2"
"DDNPU94P","DDVCO88","5421","4","2"
"DDNPU94P","ELCS1098L","5421","4","2"
"DDNPU94P","ELDDU98EL","5421","4","2"
"DDNPU94P","ELDDU98ER","5421","4","2"
"DDNPU94P","ELFES97EL","5421","4","2"
"DDNPU94P","ELFES97ER","5421","4","2"
"DDNPU94P","ELFPU97CL","5421","4","2"
"DDNPU94P","ELFPU97CR","5421","4","2"
"DDNPU94P","ELNT288L","5421","4","2"
"DDNPU94P","RDCCH94","5421","4","2"
"DDNPU94P","SPCLU97","5421","4","2"
"DDVCO88","ELCS1098L","5421","4","2"
"DDVCO88","ELDDU98EL","5421","4","2"
"DDVCO88","ELDDU98ER","5421","4","2"
"DDVCO88","ELFES97EL","5421","4","2"
"DDVCO88","ELFES97ER","5421","4","2"
"DDVCO88","ELFPU97CL","5421","4","2"
"DDVCO88","ELFPU97CR","5421","4","2"
"DDVCO88","ELNT288L","5421","4","2"
"DDVCO88","RDCCH94","5421","4","2"
"DDVCO88","SPCLU97","5421","4","2"
"ELCS1098L","ELDDU98EL","5421","4","2"
"ELCS1098L","ELDDU98ER","5421","4","2"
"ELCS1098L","ELFES97EL","5421","4","2"
"ELCS1098L","ELFES97ER","5421","4","2"
"ELCS1098L","ELFPU97CL","5421","4","2"
"ELCS1098L","ELFPU97CR","5421","4","2"
"ELCS1098L","ELNT288L","5421","4","2"
"ELCS1098L","RDCCH94","5421","4","2"
"ELCS1098L","SPCLU97","5421","4","2"
"ELDDU98EL","ELDDU98ER","5421","4","2"
"ELDDU98EL","ELFES97EL","5421","4","2"
"ELDDU98EL","ELFES97ER","5421","4","2"
"ELDDU98EL","ELFPU97CL","5421","4","2"
"ELDDU98EL","ELFPU97CR","5421","4","2"
"ELDDU98EL","ELNT288L","5421","4","2"
"ELDDU98EL","RDCCH94","5421","4","2"
"ELDDU98EL","SPCLU97","5421","4","2"
"ELDDU98ER","ELFES97EL","5421","4","2"
"ELDDU98ER","ELFES97ER","5421","4","2"
"ELDDU98ER","ELFPU97CL","5421","4","2"
"ELDDU98ER","ELFPU97CR","5421","4","2"
"ELDDU98ER","ELNT288L","5421","4","2"
"ELDDU98ER","RDCCH94","5421","4","2"
"ELDDU98ER","SPCLU97","5421","4","2"
"ELFES97EL","ELFES97ER","5421","4","2"
"ELFES97EL","ELFPU97CL","5421","4","2"
"ELFES97EL","ELFPU97CR","5421","4","2"
"ELFES97EL","ELNT288L","5421","4","2"
"ELFES97EL","RDCCH94","5421","4","2"
"ELFES97EL","SPCLU97","5421","4","2"
"ELFES97ER","ELFPU97CL","5421","4","2"
"ELFES97ER","ELFPU97CR","5421","4","2"
"ELFES97ER","ELNT288L","5421","4","2"
"ELFES97ER","RDCCH94","5421","4","2"
"ELFES97ER","SPCLU97","5421","4","2"
"ELFPU97CL","ELNT288L","5421","4","2"
"ELFPU97CL","RDCCH94","5421","4","2"
"ELFPU97CL","SPCLU97","5421","4","2"
"ELFPU97CR","ELNT288L","5421","4","2"
"ELFPU97CR","RDCCH94","5421","4","2"
"ELFPU97CR","SPCLU97","5421","4","2"
"ELNT288L","RDCCH94","5421","4","2"
"ELNT288L","SPCLU97","5421","4","2"
"RDCCH94","SPCLU97","5421","4","2"
"215-1139R","331-1106L","5421","4","2"
"215-1139R","331-1106R","5421","4","2"
"215-1139R","331-1118R","5421","4","2"
"215-1139R","331-1124L","5421","4","2"
"215-1139R","331-1124R","5421","4","2"
"215-1139R","331-1129L","5421","4","2"
"215-1139R","331-1129R","5421","4","2"
"215-1139R","331-1173L","5421","4","2"
"215-1139R","331-1173R","5421","4","2"
"215-1139R","334-1101L","5421","4","2"
"215-1139R","334-1101R","5421","4","2"
"215-1139R","FNPU94L","5421","4","2"
"215-1139R","FNPU94R","5421","4","2"
"331-1106L","331-1118R","5421","4","2"
"331-1106L","331-1124L","5421","4","2"
"331-1106L","331-1124R","5421","4","2"
"331-1106L","331-1129L","5421","4","2"
"331-1106L","331-1129R","5421","4","2"
"331-1106L","331-1173L","5421","4","2"
"331-1106L","331-1173R","5421","4","2"
"BNT185L","PCLU98RP","5421","4","2"
"BNT185L","PCPU73","5421","4","2"
"BNT185L","PCS1093C","5421","4","2"
"BNT185L","PFEX91C","5421","4","2"
"BNT185L","PFMU99","5421","4","2"
"BNT185L","PFRA89C","5421","4","2"
"BNT185L","PNPU86","5421","4","2"
"BNT185L","PNPU94C","5421","4","2"
"BNT185L","PNPU94P","5421","4","2"
"BNT185L","SFPU87L","5421","4","2"
"BNT185L","SFPU87R","5421","4","2"
"BNT185L","SNT184L","5421","4","2"
"BNT185L","SNT184R","5421","4","2"
"PCLU98RP","PCPU73","5421","4","2"
"PCLU98RP","PCS1093C","5421","4","2"
"PCLU98RP","PFEX91C","5421","4","2"
"PCLU98RP","PFMU99","5421","4","2"
"PCLU98RP","PFRA89C","5421","4","2"
"PCLU98RP","PNPU86","5421","4","2"
"PCLU98RP","PNPU94C","5421","4","2"
"PCLU98RP","PNPU94P","5421","4","2"
"PCLU98RP","SFPU87L","5421","4","2"
"PCLU98RP","SFPU87R","5421","4","2"
"PCLU98RP","SNT184L","5421","4","2"
"PCLU98RP","SNT184R","5421","4","2"
"PCPU73","PCS1093C","5421","4","2"
"PCPU73","PFEX91C","5421","4","2"
"PCPU73","PFMU99","5421","4","2"
"PCPU73","PFRA89C","5421","4","2"
"PCPU73","PNPU86","5421","4","2"
"PCPU73","PNPU94C","5421","4","2"
"PCPU73","PNPU94P","5421","4","2"
"PCPU73","SFPU87L","5421","4","2"
"PCPU73","SFPU87R","5421","4","2"
"PCPU73","SNT184L","5421","4","2"
"PCPU73","SNT184R","5421","4","2"
"PCS1093C","PFEX91C","5421","4","2"
"PCS1093C","PFMU99","5421","4","2"
"PCS1093C","PFRA89C","5421","4","2"
"PCS1093C","PNPU86","5421","4","2"
"PCS1093C","PNPU94C","5421","4","2"
"PCS1093C","PNPU94P","5421","4","2"
"PCS1093C","SFPU87L","5421","4","2"
"PCS1093C","SFPU87R","5421","4","2"
"PCS1093C","SNT184L","5421","4","2"
"PCS1093C","SNT184R","5421","4","2"
"PFEX91C","PFMU99","5421","4","2"
"PFEX91C","PFRA89C","5421","4","2"
"PFEX91C","PNPU86","5421","4","2"
"PFEX91C","PNPU94C","5421","4","2"
"PFEX91C","PNPU94P","5421","4","2"
"PFEX91C","SFPU87L","5421","4","2"
"PFEX91C","SFPU87R","5421","4","2"
"PFEX91C","SNT184L","5421","4","2"
"PFEX91C","SNT184R","5421","4","2"
"PFMU99","PFRA89C","5421","4","2"
"PFMU99","PNPU86","5421","4","2"
"PFMU99","PNPU94C","5421","4","2"
"PFMU99","PNPU94P","5421","4","2"
"PFMU99","SFPU87L","5421","4","2"
"PFMU99","SFPU87R","5421","4","2"
"PFMU99","SNT184L","5421","4","2"
"PFMU99","SNT184R","5421","4","2"
"PFRA89C","PNPU86","5421","4","2"
"PFRA89C","PNPU94C","5421","4","2"
"PFRA89C","PNPU94P","5421","4","2"
"PFRA89C","SFPU87L","5421","4","2"
"PFRA89C","SFPU87R","5421","4","2"
"PFRA89C","SNT184L","5421","4","2"
"PFRA89C","SNT184R","5421","4","2"
"PNPU86","PNPU94C","5421","4","2"
"PNPU86","PNPU94P","5421","4","2"
"PNPU86","SFPU87L","5421","4","2"
"PNPU86","SFPU87R","5421","4","2"
"PNPU86","SNT184L","5421","4","2"
"PNPU86","SNT184R","5421","4","2"
"PNPU94C","PNPU94P","5421","4","2"
"PNPU94C","SFPU87L","5421","4","2"
"PNPU94C","SFPU87R","5421","4","2"
"PNPU94C","SNT184L","5421","4","2"
"PNPU94C","SNT184R","5421","4","2"
"PNPU94P","SFPU87L","5421","4","2"
"PNPU94P","SFPU87R","5421","4","2"
"PNPU94P","SNT184L","5421","4","2"
"PNPU94P","SNT184R","5421","4","2"
"SFPU87L","SFPU87R","5421","4","2"
"SFPU87L","SNT184L","5421","4","2"
"SFPU87L","SNT184R","5421","4","2"
"SFPU87R","SNT184L","5421","4","2"
"SFPU87R","SNT184R","5421","4","2"
"SNT184L","SNT184R","5421","4","2"
"BTFMU99P","BTFRA93P","5421","4","2"
"BTFMU99P","TSDFPU87","5421","4","2"
"BTFRA93P","TSDFPU87","5421","4","2"
"DDFEX91CB","DDFVA97C","5421","4","2"
"DDFEX91CB","DDNPU94P","5421","4","2"
"DDFEX91CB","DDVCO88","5421","4","2"
"DDFEX91CB","ELCS1098L","5421","4","2"
"DDFEX91CB","ELDDU98EL","5421","4","2"
"DDFEX91CB","ELDDU98ER","5421","4","2"
"DDFEX91CB","ELFES97EL","5421","4","2"
"DDFEX91CB","ELFES97ER","5421","4","2"
"DDFEX91CB","ELFPU97CL","5421","4","2"
"DDFEX91CB","ELFPU97CR","5421","4","2"
"DDFEX91CB","ELNT288L","5421","4","2"
"DDFEX91CB","RDCCH94","5421","4","2"
"DDFEX91CB","SPCLU97","5421","4","2"
"DDFVA97C","DDNPU94P","5421","4","2"
"DDFVA97C","DDVCO88","5421","4","2"
"DDFVA97C","ELCS1098L","5421","4","2"
"DDFVA97C","ELDDU98EL","5421","4","2"
"DDFVA97C","ELDDU98ER","5421","4","2"
"DDFVA97C","ELFES97EL","5421","4","2"
"DDFVA97C","ELFES97ER","5421","4","2"
"DDFVA97C","ELFPU97CL","5421","4","2"
"331-1129L","331-1129R","0121","3","2"
"331-1129L","331-1163L","0121","3","2"
"331-1129L","331-1163R","0121","3","2"
"331-1129R","331-1163L","0121","3","2"
"331-1129R","331-1163R","0121","3","2"
"331-1163L","331-1163R","0121","3","2"
"221-1110L","MICS1095L","5056","8","2"
"221-1110L","MICS1095R","5056","8","2"
"221-1110R","MICS1095L","5056","8","2"
"221-1110R","MICS1095R","5056","8","2"
"MICS1095L","MICS1095R","5056","8","2"
"331-1966L","CCGP97","5130","1","2"
"BTFGH92F","CFPU92","5130","1","2"
"CCCU87","CDSP90","5130","1","2"
"CDSP90","HDDCPU99","5130","1","2"
"HDDCPU99","SFGM92L","5130","1","2"
"332-1532R","DDCCA95P","5702","2","2"
"332-1532R","PFTO92","5702","2","2"
"DDCCA95P","PFTO92","5702","2","2"
"212-1552L2","212-1552R1","5720","6","2"
"212-1552L2","212-1552R2","5720","6","2"
"212-1552R1","212-1552R2","5720","6","2"
"CCCU87","CCSU97","5130","1","2"
"CCCU87","CFCN98","5130","1","2"
"BTFPU92P","SDPU81L","5237","1","2"
"96301Y02G0","96302Y02G0","5159","7","2"
"CNT392","DTCCH94","5841","7","2"
"CNT392","MPDPU92PC","5159","7","2"
"CNT392","MRNTS94","5159","7","2"
"CNT392","PCPU89CH","5159","7","2"
"CNT392","PFPU97LOP","5159","7","2"
"CNT392","PFPU99CUP","5159","7","2"
"CNT392","PFPU99LOP","5159","7","2"
"CNT392","PNPU94P","5159","7","2"
"CNT392","PNT392","5159","7","2"
"CNT392","PNT394","5159","7","2"
"CNT392","PVCA81","5159","7","2"
"CNT392","PVJE96","5159","7","2"
"CNT392","TISCPU81R","5159","7","2"
"MPDPU92CC","MPDPU92PC","5159","7","2"
"MPDPU92CC","MRNTS94","5159","7","2"
"MPDPU92CC","PCPU89CH","5159","7","2"
"MPDPU92CC","PFPU97LOP","5159","7","2"
"MPDPU92CC","PFPU99CUP","5159","7","2"
"MPDPU92CC","PFPU99LOP","5159","7","2"
"MPDPU92CC","PNPU94P","5159","7","2"
"MPDPU92CC","PNT392","5159","7","2"
"MPDPU92CC","PNT394","5159","7","2"
"MPDPU92CC","PVCA81","5159","7","2"
"MPDPU92CC","PVJE96","5159","7","2"
"MPDPU92CC","TISCPU81R","5159","7","2"
"MPDPU92PC","MRNTS94","5159","7","2"
"MPDPU92PC","PCPU89CH","5159","7","2"
"MPDPU92PC","PFPU97LOP","5159","7","2"
"MPDPU92PC","PFPU99CUP","5159","7","2"
"MPDPU92PC","PFPU99LOP","5159","7","2"
"MPDPU92PC","PNPU94P","5159","7","2"
"MPDPU92PC","PNT392","5159","7","2"
"MPDPU92PC","PNT394","5159","7","2"
"MPDPU92PC","PVCA81","5159","7","2"
"MPDPU92PC","PVJE96","5159","7","2"
"MPDPU92PC","SDPU81R","5159","7","2"
"MPDPU92PC","TISCPU81R","5159","7","2"
"MRNTS94","PCPU89CH","5159","7","2"
"MRNTS94","PFPU97LOP","5159","7","2"
"MRNTS94","PFPU99CUP","5159","7","2"
"MRNTS94","PFPU99LOP","5159","7","2"
"MRNTS94","PNPU94P","5159","7","2"
"MRNTS94","PNT392","5159","7","2"
"MRNTS94","PNT394","5159","7","2"
"MRNTS94","PVCA81","5159","7","2"
"MRNTS94","PVJE96","5159","7","2"
"MRNTS94","SDPU81R","5159","7","2"
"MRNTS94","TISCPU81R","5159","7","2"
"PCPU89CH","PFPU97LOP","5159","7","2"
"PCPU89CH","PFPU99CUP","5159","7","2"
"PCPU89CH","PFPU99LOP","5159","7","2"
"PCPU89CH","PNPU94P","5159","7","2"
"PCPU89CH","PNT392","5159","7","2"
"PCPU89CH","PNT394","5159","7","2"
"PCPU89CH","PVCA81","5159","7","2"
"PCPU89CH","PVJE96","5159","7","2"
"PCPU89CH","SDPU81R","5159","7","2"
"PCPU89CH","TISCPU81R","5159","7","2"
"PFPU97LOP","PFPU99CUP","5159","7","2"
"PFPU97LOP","PFPU99LOP","5159","7","2"
"PFPU97LOP","PNPU94P","5159","7","2"
"PFPU97LOP","PNT392","5159","7","2"
"PFPU97LOP","PNT394","5159","7","2"
"PFPU97LOP","PVCA81","5159","7","2"
"PFPU97LOP","PVJE96","5159","7","2"
"PFPU97LOP","SDPU81R","5159","7","2"
"PFPU97LOP","TISCPU81R","5159","7","2"
"PFPU99CUP","PFPU99LOP","5159","7","2"
"PFPU99CUP","PNPU94P","5159","7","2"
"PFPU99CUP","PNT392","5159","7","2"
"PFPU99CUP","PNT394","5159","7","2"
"PFPU99CUP","PVCA81","5159","7","2"
"PFPU99CUP","PVJE96","5159","7","2"
"PFPU99CUP","SDPU81R","5159","7","2"
"PFPU99CUP","TISCPU81R","5159","7","2"
"PFPU99LOP","PNPU94P","5159","7","2"
"PFPU99LOP","PNT392","5159","7","2"
"PFPU99LOP","PNT394","5159","7","2"
"PFPU99LOP","PVCA81","5159","7","2"
"PFPU99LOP","PVJE96","5159","7","2"
"PFPU99LOP","SDPU81R","5159","7","2"
"PFPU99LOP","TISCPU81R","5159","7","2"
"PNPU94P","PNT392","5159","7","2"
"PNPU94P","PNT394","5159","7","2"
"PNPU94P","PVCA81","5159","7","2"
"PNPU94P","PVJE96","5159","7","2"
"PNPU94P","SDPU81R","5159","7","2"
"PNPU94P","TISCPU81R","5159","7","2"
"PNT392","PNT394","5159","7","2"
"PNT392","PVCA81","5159","7","2"
"PNT392","PVJE96","5159","7","2"
"PNT392","SDPU81R","5159","7","2"
"PNT392","TISCPU81R","5159","7","2"
"PNT394","PVCA81","5159","7","2"
"PNT394","PVJE96","5159","7","2"
"PNT394","SDPU81R","5159","7","2"
"PNT394","TISCPU81R","5159","7","2"
"PVCA81","PVJE96","5159","7","2"
"PVCA81","SDPU81R","5159","7","2"
"PVCA81","TISCPU81R","5159","7","2"
"PVJE96","SDPU81R","5159","7","2"
"PVJE96","TISCPU81R","5159","7","2"
"SDPU81R","TISCPU81R","5159","7","2"
"331-1520L","331-1952R","5223","1","2"
"BTDGC99P","CCCA91","5223","1","2"
"BTDGC99P","DDCPU92CB","5223","1","2"
"BTDGC99P","ELDST95CR","5223","1","2"
"BTDGC99P","SFPU87L","5223","1","2"
"CCCA91","DDCPU92CB","5223","1","2"
"CCCA91","ELDST95CR","5223","1","2"
"CCCA91","SFPU87L","5223","1","2"
"DDCPU92CB","ELDST95CR","5223","1","2"
"ELDST95CR","SFPU87L","5223","1","2"
"331-1111R","332-1117L","5002","8","2"
"331-1111R","332-1117R","5002","8","2"
"332-1117L","332-1117R","5002","8","2"
"333-1104R","DDNPU86CA","5002","8","2"
"333-1104R","SFPU92L","5002","8","2"
"CNPU94","PVJE93","5286","1","2"
"CNPU94","SPCPU99L","5286","1","2"
"PVJE93","SPCPU99L","5286","1","2"
"CCPU92","CDSH89","5223","1","2"
"CCPU92","CDSP90","5223","1","2"
"CCPU92","PDCH91P","5223","1","2"
"CCPU92","SCCA00L","5223","1","2"
"CCPU92","SFWI95R","5223","1","2"
"CDSH89","CDSP90","5223","1","2"
"CDSH89","PDCH91P","5223","1","2"
"CDSH89","SCCA00L","5223","1","2"
"CDSH89","SFWI95R","5223","1","2"
"CDSP90","PDCH91P","5223","1","2"
"CDSP90","SCCA00L","5223","1","2"
"CDSP90","SFWI95R","5223","1","2"
"PDCH91P","SCCA00L","5223","1","2"
"PDCH91P","SFWI95R","5223","1","2"
"SCCA00L","SFWI95R","5223","1","2"
"332-1916L","FNDVO98","5056","8","2"
"332-1916L","SNSE01L","5056","8","2"
"FNDVO98","SNSE01L","5056","8","2"
"332-1920L1","332-1920R1","5234","1","2"
"215-1121L","333-1602R","0008","3","2"
"215-1121L","ELCCH94CR","0008","3","2"
"215-1121L","SFRA89L","0008","3","2"
"333-1602R","ELCCH94CR","0008","3","2"
"333-1602R","SFRA89L","0008","3","2"
"ELCCH94CR","SFRA89L","0008","3","2"
"CCCA91","PDPU94C","5453","1","2"
"CDPU94","PDPU94C","5453","1","2"
"BTDSH92F","CDSH91","5223","1","2"
"BTDSH92F","SHCI99R","5223","1","2"
"CDSH91","CDSP90","5223","1","2"
"CDSH91","DDCS1091CB","5223","1","2"
"CDSH91","DTDNE94","5223","1","2"
"CDSH91","SCCH94R","5223","1","2"
"CDSP90","CFPU97A","5223","1","2"
"CDSP90","DTDNE94","5223","1","2"
"CDSP90","SCCH94R","5223","1","2"
"CFPU97A","DDCS1091CB","5223","1","2"
"CFPU97A","DTDNE94","5223","1","2"
"CFPU97A","SCCH94R","5223","1","2"
"DTDNE94","SCCH94R","5223","1","2"
"SDSP90L","SFTO89L4","5130","1","2"
"CCGP97","CCPU92","5130","1","2"
"CCPU92","CCSU97","5130","1","2"
"CCPU92","CFCN98","5130","1","2"
"331-1518L","341-1603R","5827","2","2"
"331-1518L","ELCSU92R","5827","2","2"
"331-1518L","MECDPU81C","5827","2","2"
"341-1603R","ELCSU92R","5827","2","2"
"341-1603R","MECDPU81C","5827","2","2"
"ELCSU92R","MECDPU81C","5827","2","2"
"BFPU92CL","BFPU92CR","5669","6","2"
"333-1501L","333-1602R","5210","8","2"
"216-1906L","216-1906R","5851","5","2"
"BFFPU79L","BFFPU79R","5669","6","2"
"BFEX91CL","BFEX91CR","5107","1","2"
"DTCCA91","DTDST95","5223","1","2"
"DDCCH02","DDCCH94","0007","3","2"
"DDCCH02","PDSP94C","0007","3","2"
"DDCCH02","PFTO88","0007","3","2"
"DDCCH94","PDSP94C","0007","3","2"
"DDCCH94","PFTO88","0007","3","2"
"PDSP94C","PFTO88","0007","3","2"
"DDNT392N","RDNT392","0106","3","2"
"333-1101L","333-1101R","5226","7","2"
"CNPU73","SNPU73L","5633","2","2"
"CNPU73","SNPU73R","5633","2","2"
"PCS1095C","PCS1095P","5633","2","2"
"PCS1095C","PCS1098P","5633","2","2"
"PCS1095P","PCS1098P","5633","2","2"
"SNPU73L","SNPU73R","5633","2","2"
"CDSP90","CDST01","5130","1","2"
"CDSP90","HDCPU92","5130","1","2"
"MIMPU86C","MIMPU86G","5852","6","2"
"MRNPU94","MRNT392","5702","2","2"
"MRNPU94","SNPU94L","5702","2","2"
"MRNT392","SNPU94L","5702","2","2"
"332-1167L","CNPU94","5702","2","2"
"332-1167L","DDDNE00","5702","2","2"
"332-1167L","DDNT392G","5702","2","2"
"332-1167L","DTNT392N","5702","2","2"
"332-1167L","FNDNE00R","5702","2","2"
"332-1167L","MRNT392","5702","2","2"
"332-1167L","TSDCPU94","5702","2","2"
"CNPU94","DDDNE00","5702","2","2"
"CNPU94","DDNT392G","5702","2","2"
"CNPU94","DTNT392N","5702","2","2"
"CNPU94","FNDNE00R","5702","2","2"
"CNPU94","TSDCPU94","5702","2","2"
"DDDNE00","DDNT392G","5702","2","2"
"DDDNE00","DTNT392N","5702","2","2"
"DDDNE00","FNDNE00R","5702","2","2"
"DDDNE00","MRNT392","5702","2","2"
"DDDNE00","TSDCPU94","5702","2","2"
"DDNT392G","DTNT392N","5702","2","2"
"DDNT392G","FNDNE00R","5702","2","2"
"DDNT392G","MRNT392","5702","2","2"
"DDNT392G","TSDCPU94","5702","2","2"
"DTNT392N","FNDNE00R","5702","2","2"
"DTNT392N","MRNT392","5702","2","2"
"DTNT392N","TSDCPU94","5702","2","2"
"FNDNE00R","MRNT392","5702","2","2"
"FNDNE00R","TSDCPU94","5702","2","2"
"MRNT392","TSDCPU94","5702","2","2"
"333-1608L","PCMA97","5062","7","2"
"SCGA99R","SFRA83L","5223","1","2"
"341-1602L","341-1602R","5053","2","2"
"CDSH91","DDCCU92","5223","1","2"
"CDSH91","DDFEX91CB","5223","1","2"
"CDSH91","FNFEC01L","5223","1","2"
"DDCCU92","DDFEX91CB","5223","1","2"
"DDCCU92","FNFEC01L","5223","1","2"
"DDFEX91CB","FNFEC01L","5223","1","2"
"CCCH02","SPFPU92","5132","1","2"
"CDSH91","SFES97L","5995","9","2"
"CCCA91","CCPU92","5092","7","2"
"CCCA91","CCPU99","5092","7","2"
"CCCA91","CDNE00","5092","7","2"
"CCCA91","CFCN98","5092","7","2"
"CCCA91","CFPU80","5092","7","2"
"CCCA91","DDNPU84P","5092","7","2"
"CCCA91","PVGO89GTI","5092","7","2"
"CCCA91","SCPU99R","5092","7","2"
"CCCA91","SFES97L","5092","7","2"
"CCCA91","SFES97R","5092","7","2"
"CCCA91","SFKA01L","5092","7","2"
"CCCA91","SFKA01R","5092","7","2"
"CCCA91","SFPU92L","5092","7","2"
"CCCA91","SFPU92R","5092","7","2"
"CCCA91","SFRA93R","5092","7","2"
"CCCA91","SFVA97L","5092","7","2"
"CCPU92","CCPU99","5092","7","2"
"CCPU92","CDNE00","5092","7","2"
"CCPU92","CFCN98","5092","7","2"
"CCPU92","CFPU80","5092","7","2"
"CCPU92","DDNPU84P","5092","7","2"
"CCPU92","PVGO89GTI","5092","7","2"
"CCPU92","SCPU99R","5092","7","2"
"CCPU92","SFES97L","5092","7","2"
"CCPU92","SFES97R","5092","7","2"
"CCPU92","SFKA01L","5092","7","2"
"CCPU92","SFKA01R","5092","7","2"
"CCPU92","SFPU92L","5092","7","2"
"CCPU92","SFPU92R","5092","7","2"
"CCPU92","SFRA93R","5092","7","2"
"CCPU92","SFVA97L","5092","7","2"
"CCPU99","CDNE00","5092","7","2"
"CCPU99","CFCN98","5092","7","2"
"CCPU99","CFPU80","5092","7","2"
"CCPU99","DDNPU84P","5092","7","2"
"CCPU99","PVGO89GTI","5092","7","2"
"CCPU99","SCPU99R","5092","7","2"
"CCPU99","SFES97L","5092","7","2"
"CCPU99","SFES97R","5092","7","2"
"CCPU99","SFKA01L","5092","7","2"
"CCPU99","SFKA01R","5092","7","2"
"CCPU99","SFPU92L","5092","7","2"
"CCPU99","SFPU92R","5092","7","2"
"CCPU99","SFRA93R","5092","7","2"
"CCPU99","SFVA97L","5092","7","2"
"CDNE00","CFCN98","5092","7","2"
"CDNE00","CFPU80","5092","7","2"
"CDNE00","DDNPU84P","5092","7","2"
"CDNE00","PVGO89GTI","5092","7","2"
"CDNE00","SCPU99R","5092","7","2"
"CDNE00","SFES97L","5092","7","2"
"CDNE00","SFES97R","5092","7","2"
"CDNE00","SFKA01L","5092","7","2"
"CDNE00","SFKA01R","5092","7","2"
"CDNE00","SFPU92L","5092","7","2"
"CDNE00","SFPU92R","5092","7","2"
"CDNE00","SFRA93R","5092","7","2"
"CDNE00","SFVA97L","5092","7","2"
"CFCN98","CFPU80","5092","7","2"
"CFCN98","DDNPU84P","5092","7","2"
"CFCN98","PVGO89GTI","5092","7","2"
"CFCN98","SCPU99R","5092","7","2"
"CFCN98","SFES97L","5092","7","2"
"CFCN98","SFES97R","5092","7","2"
"CFCN98","SFKA01L","5092","7","2"
"CFCN98","SFKA01R","5092","7","2"
"CFCN98","SFPU92L","5092","7","2"
"CFCN98","SFPU92R","5092","7","2"
"CFCN98","SFRA93R","5092","7","2"
"CFCN98","SFVA97L","5092","7","2"
"CFPU80","DDNPU84P","5092","7","2"
"CFPU80","PVGO89GTI","5092","7","2"
"CFPU80","SCPU99R","5092","7","2"
"CFPU80","SFES97L","5092","7","2"
"CFPU80","SFES97R","5092","7","2"
"CFPU80","SFKA01L","5092","7","2"
"CFPU80","SFKA01R","5092","7","2"
"CFPU80","SFPU92L","5092","7","2"
"CFPU80","SFPU92R","5092","7","2"
"CFPU80","SFRA93R","5092","7","2"
"CFPU80","SFVA97L","5092","7","2"
"DDNPU84P","PVGO89GTI","5092","7","2"
"DDNPU84P","SCPU99R","5092","7","2"
"DDNPU84P","SFES97L","5092","7","2"
"DDNPU84P","SFES97R","5092","7","2"
"DDNPU84P","SFKA01L","5092","7","2"
"DDNPU84P","SFKA01R","5092","7","2"
"DDNPU84P","SFPU92L","5092","7","2"
"DDNPU84P","SFPU92R","5092","7","2"
"DDNPU84P","SFRA93R","5092","7","2"
"DDNPU84P","SFVA97L","5092","7","2"
"PVGO89GTI","SCPU99R","5092","7","2"
"PVGO89GTI","SFES97L","5092","7","2"
"PVGO89GTI","SFES97R","5092","7","2"
"PVGO89GTI","SFKA01L","5092","7","2"
"PVGO89GTI","SFKA01R","5092","7","2"
"PVGO89GTI","SFPU92L","5092","7","2"
"PVGO89GTI","SFPU92R","5092","7","2"
"PVGO89GTI","SFRA93R","5092","7","2"
"PVGO89GTI","SFVA97L","5092","7","2"
"SCPU99R","SFES97L","5092","7","2"
"SCPU99R","SFES97R","5092","7","2"
"SCPU99R","SFKA01L","5092","7","2"
"SCPU99R","SFKA01R","5092","7","2"
"SCPU99R","SFPU92L","5092","7","2"
"SCPU99R","SFPU92R","5092","7","2"
"SCPU99R","SFRA93R","5092","7","2"
"SCPU99R","SFVA97L","5092","7","2"
"SFES97L","SFES97R","5092","7","2"
"SFES97L","SFKA01L","5092","7","2"
"SFES97L","SFKA01R","5092","7","2"
"SFES97L","SFPU92L","5092","7","2"
"SFES97L","SFPU92R","5092","7","2"
"SFES97L","SFRA93R","5092","7","2"
"SFES97L","SFVA97L","5092","7","2"
"SFES97R","SFKA01L","5092","7","2"
"SFES97R","SFKA01R","5092","7","2"
"SFES97R","SFPU92L","5092","7","2"
"SFES97R","SFPU92R","5092","7","2"
"SFES97R","SFRA93R","5092","7","2"
"SFES97R","SFVA97L","5092","7","2"
"SFKA01L","SFKA01R","5092","7","2"
"SFKA01L","SFPU92L","5092","7","2"
"SFKA01L","SFPU92R","5092","7","2"
"SFKA01L","SFRA93R","5092","7","2"
"SFKA01L","SFVA97L","5092","7","2"
"SFKA01R","SFPU92L","5092","7","2"
"SFKA01R","SFPU92R","5092","7","2"
"SFKA01R","SFRA93R","5092","7","2"
"SFKA01R","SFVA97L","5092","7","2"
"SFPU92L","SFPU92R","5092","7","2"
"SFPU92L","SFRA93R","5092","7","2"
"SFPU92L","SFVA97L","5092","7","2"
"SFPU92R","SFRA93R","5092","7","2"
"SFPU92R","SFVA97L","5092","7","2"
"SFRA93R","SFVA97L","5092","7","2"
"215-1542L","215-1542R","5092","7","2"
"215-1542L","215-1562L","5092","7","2"
"215-1542L","215-1562R","5092","7","2"
"215-1542L","331-1166L","5092","7","2"
"215-1542L","331-1166R","5092","7","2"
"215-1542L","431-1146RC","5092","7","2"
"215-1542L","442-1102L","5092","7","2"
"215-1542L","442-1102R","5092","7","2"
"215-1542L","DDCCH02","5092","7","2"
"215-1542L","DDCLU99","5092","7","2"
"215-1542L","DDCMA97","5092","7","2"
"215-1542L","DDDST01","5092","7","2"
"215-1542L","HDDCPU99","5092","7","2"
"215-1542L","MRFPU87","5092","7","2"
"215-1542L","SPFPU99","5092","7","2"
"215-1542R","215-1562L","5092","7","2"
"215-1542R","215-1562R","5092","7","2"
"215-1542R","331-1166L","5092","7","2"
"215-1542R","331-1166R","5092","7","2"
"215-1542R","431-1146RC","5092","7","2"
"215-1542R","442-1102L","5092","7","2"
"215-1542R","442-1102R","5092","7","2"
"215-1542R","DDCCH02","5092","7","2"
"215-1542R","DDCLU99","5092","7","2"
"215-1542R","DDCMA97","5092","7","2"
"215-1542R","DDDST01","5092","7","2"
"215-1542R","HDDCPU99","5092","7","2"
"215-1542R","MRFPU87","5092","7","2"
"215-1542R","SPFPU99","5092","7","2"
"215-1562L","215-1562R","5092","7","2"
"215-1562L","331-1166L","5092","7","2"
"215-1562L","331-1166R","5092","7","2"
"215-1562L","431-1146RC","5092","7","2"
"215-1562L","442-1102L","5092","7","2"
"215-1562L","442-1102R","5092","7","2"
"215-1562L","DDCCH02","5092","7","2"
"215-1562L","DDCLU99","5092","7","2"
"215-1562L","DDCMA97","5092","7","2"
"215-1562L","DDDST01","5092","7","2"
"215-1562L","HDDCPU99","5092","7","2"
"215-1562L","MRFPU87","5092","7","2"
"215-1562L","SPFPU99","5092","7","2"
"215-1562R","331-1166L","5092","7","2"
"215-1562R","331-1166R","5092","7","2"
"215-1562R","431-1146RC","5092","7","2"
"215-1562R","442-1102L","5092","7","2"
"215-1562R","442-1102R","5092","7","2"
"215-1562R","DDCCH02","5092","7","2"
"215-1562R","DDCLU99","5092","7","2"
"215-1562R","DDCMA97","5092","7","2"
"215-1562R","DDDST01","5092","7","2"
"215-1562R","HDDCPU99","5092","7","2"
"215-1562R","MRFPU87","5092","7","2"
"215-1562R","SPFPU99","5092","7","2"
"331-1166L","331-1166R","5092","7","2"
"331-1166L","431-1146RC","5092","7","2"
"331-1166L","442-1102L","5092","7","2"
"331-1166L","442-1102R","5092","7","2"
"331-1166L","DDCCH02","5092","7","2"
"331-1166L","DDCLU99","5092","7","2"
"331-1166L","DDCMA97","5092","7","2"
"331-1166L","DDDST01","5092","7","2"
"331-1166L","HDDCPU99","5092","7","2"
"331-1166L","MRFPU87","5092","7","2"
"331-1166L","SPFPU99","5092","7","2"
"331-1166R","431-1146RC","5092","7","2"
"331-1166R","442-1102L","5092","7","2"
"331-1166R","442-1102R","5092","7","2"
"331-1166R","DDCCH02","5092","7","2"
"331-1166R","DDCLU99","5092","7","2"
"331-1166R","DDCMA97","5092","7","2"
"331-1166R","DDDST01","5092","7","2"
"331-1166R","HDDCPU99","5092","7","2"
"331-1166R","MRFPU87","5092","7","2"
"331-1166R","SPFPU99","5092","7","2"
"431-1146RC","DDCCH02","5092","7","2"
"431-1146RC","DDCLU99","5092","7","2"
"431-1146RC","DDDST01","5092","7","2"
"431-1146RC","HDDCPU99","5092","7","2"
"431-1146RC","MRFPU87","5092","7","2"
"431-1146RC","SPFPU99","5092","7","2"
"442-1102L","DDCCH02","5092","7","2"
"442-1102L","DDCLU99","5092","7","2"
"442-1102L","DDDST01","5092","7","2"
"442-1102L","HDDCPU99","5092","7","2"
"442-1102L","MRFPU87","5092","7","2"
"442-1102L","SPFPU99","5092","7","2"
"442-1102R","DDCCH02","5092","7","2"
"442-1102R","DDCLU99","5092","7","2"
"442-1102R","DDDST01","5092","7","2"
"442-1102R","HDDCPU99","5092","7","2"
"442-1102R","MRFPU87","5092","7","2"
"442-1102R","SPFPU99","5092","7","2"
"DDCCH02","DDCLU99","5092","7","2"
"DDCCH02","DDCMA97","5092","7","2"
"DDCCH02","DDDST01","5092","7","2"
"DDCCH02","HDDCPU99","5092","7","2"
"DDCCH02","MRFPU87","5092","7","2"
"DDCCH02","SPFPU99","5092","7","2"
"DDCLU99","DDCMA97","5092","7","2"
"DDCLU99","DDDST01","5092","7","2"
"DDCLU99","HDDCPU99","5092","7","2"
"DDCLU99","MRFPU87","5092","7","2"
"DDCLU99","SPFPU99","5092","7","2"
"DDCMA97","DDDST01","5092","7","2"
"DDCMA97","HDDCPU99","5092","7","2"
"DDCMA97","MRFPU87","5092","7","2"
"DDCMA97","SPFPU99","5092","7","2"
"DDDST01","HDDCPU99","5092","7","2"
"DDDST01","MRFPU87","5092","7","2"
"DDDST01","SPFPU99","5092","7","2"
"HDDCPU99","MRFPU87","5092","7","2"
"HDDCPU99","SPFPU99","5092","7","2"
"MRFPU87","SPFPU99","5092","7","2"
"DDCPU92CB","DDCPU99C","5223","1","2"
"DDFPU92CB","PFPU97CUC","5223","1","2"
"DDFPU92CB","SFRA83L","5223","1","2"
"PFPU97CUC","SFRA83L","5223","1","2"
"CVGO93","DTFAE86C","5150","1","2"
"215-1504R3","216-1508L","0008","3","2"
"215-1504R3","216-1508R","0008","3","2"
"215-1504R3","PTPU89C2","0008","3","2"
"216-1508L","216-1508R","0008","3","2"
"216-1508L","PTPU89C2","0008","3","2"
"216-1508R","PTPU89C2","0008","3","2"
"331-1546L","331-1546R","5080","2","2"
"331-1546L","460268","5080","2","2"
"331-1546L","MIFEX91R","5080","2","2"
"331-1546L","SPCS1082","5080","2","2"
"331-1546R","460268","5080","2","2"
"331-1546R","MIFEX91R","5080","2","2"
"331-1546R","SPCS1082","5080","2","2"
"460268","MIFEX91R","5080","2","2"
"460268","SPCS1082","5080","2","2"
"MIFEX91R","SPCS1082","5080","2","2"
"BTFTO89F","DDFTO89","0024","3","2"
"221-1110L","221-1110R","5062","7","2"
"BTDSH89F","CFVA97","5603","4","2"
"BTDSH89F","PNSE01","5603","4","2"
"CFVA97","PNSE01","5603","4","2"
"331-1534L","CDSH91","5053","2","2"
"331-1534L","CDSP90","5053","2","2"
"331-1534R","CDSH91","5053","2","2"
"331-1534R","CDSP90","5053","2","2"
"CDSH91","CDSP90","5053","2","2"
"CDAT01","PFRA95C","5034","8","2"
"CDAT01","SFSD99L","5034","8","2"
"PFRA95C","SFSD99L","5034","8","2"
"DDCPU99C","DDFPU92CB","5223","1","2"
"DDFPU92CB","SPCPU99V","5223","1","2"
"DDNPU86CA","SFPU92L","5002","8","2"
"14027431","14027432","5002","8","2"
"14027431","DDCS1091CB","5002","8","2"
"14027431","FD93004SA0","5002","8","2"
"14027431","HDDPU94I","5002","8","2"
"14027431","PCPU94CH","5002","8","2"
"14027431","SCPU92R","5002","8","2"
"14027431","SDPU94L","5002","8","2"
"14027432","DDCS1091CB","5002","8","2"
"14027432","FD93004SA0","5002","8","2"
"14027432","HDDPU94I","5002","8","2"
"14027432","PCPU94CH","5002","8","2"
"14027432","SCPU92R","5002","8","2"
"14027432","SDPU94L","5002","8","2"
"DDCS1091CB","FD93004SA0","5002","8","2"
"DDCS1091CB","HDDPU94I","5002","8","2"
"DDCS1091CB","PCPU94CH","5002","8","2"
"DDCS1091CB","SCPU92R","5002","8","2"
"DDCS1091CB","SDPU94L","5002","8","2"
"FD93004SA0","HDDPU94I","5002","8","2"
"FD93004SA0","PCPU94CH","5002","8","2"
"FD93004SA0","SCPU92R","5002","8","2"
"FD93004SA0","SDPU94L","5002","8","2"
"HDDPU94I","PCPU94CH","5002","8","2"
"HDDPU94I","SCPU92R","5002","8","2"
"HDDPU94I","SDPU94L","5002","8","2"
"PCPU94CH","SCPU92L","5002","8","2"
"PCPU94CH","SDPU94L","5002","8","2"
"SCPU92L","SCPU92R","5002","8","2"
"SCPU92R","SDPU94L","5002","8","2"
"CDSH91","DDDST95","5223","1","2"
"DDDST95","DDFFO00","5223","1","2"
"333-1411L","333-1411R","5036","2","2"
"431-1146L","431-1146R","5018","7","2"
"CNT392","DDNSE01","5841","7","2"
"CNT392","DDNT392N","5841","7","2"
"DDNSE01","DTNT392N","5841","7","2"
"DDCCH94","DDDST95","5223","1","2"
"DDDST95","SDCH97R","5223","1","2"
"DDCPU92CB","MPDPU92CC","5061","8","2"
"DDCPU92CB","PCPU94CH","5061","8","2"
"MPDPU92CC","PCPU94CH","5061","8","2"
"215-1139L","215-1504R2","5245","7","2"
"215-1139L","331-1165L","5245","7","2"
"215-1139L","ADFKA01NR","5245","7","2"
"215-1139L","BTFPU92P","5245","7","2"
"215-1139L","DTNT392N","5245","7","2"
"215-1139L","ELCCH94CR","5245","7","2"
"215-1139L","PCS1091GM","5245","7","2"
"215-1139L","PCS1098C","5245","7","2"
"215-1139L","PFRA01C","5245","7","2"
"215-1504R2","331-1165L","5245","7","2"
"215-1504R2","ADFKA01NR","5245","7","2"
"215-1504R2","BTFPU92P","5245","7","2"
"215-1504R2","DTNT392N","5245","7","2"
"215-1504R2","ELCCH94CR","5245","7","2"
"215-1504R2","PCS1091GM","5245","7","2"
"215-1504R2","PCS1098C","5245","7","2"
"215-1504R2","PFRA01C","5245","7","2"
"331-1165L","ADFKA01NR","5245","7","2"
"331-1165L","BTFPU92P","5245","7","2"
"331-1165L","DTNT392N","5245","7","2"
"331-1165L","ELCCH94CR","5245","7","2"
"331-1165L","PCS1091GM","5245","7","2"
"331-1165L","PCS1098C","5245","7","2"
"331-1165L","PFRA01C","5245","7","2"
"ADFKA01NR","BTFPU92P","5245","7","2"
"ADFKA01NR","DTNT392N","5245","7","2"
"ADFKA01NR","ELCCH94CR","5245","7","2"
"ADFKA01NR","PCS1091GM","5245","7","2"
"ADFKA01NR","PCS1098C","5245","7","2"
"ADFKA01NR","PFRA01C","5245","7","2"
"BTFPU92P","DTNT392N","5245","7","2"
"BTFPU92P","ELCCH94CR","5245","7","2"
"BTFPU92P","PCS1091GM","5245","7","2"
"BTFPU92P","PCS1098C","5245","7","2"
"BTFPU92P","PFRA01C","5245","7","2"
"DTNT392N","ELCCH94CR","5245","7","2"
"DTNT392N","PCS1091GM","5245","7","2"
"DTNT392N","PCS1098C","5245","7","2"
"DTNT392N","PFRA01C","5245","7","2"
"ELCCH94CR","PCS1091GM","5245","7","2"
"ELCCH94CR","PCS1098C","5245","7","2"
"ELCCH94CR","PFRA01C","5245","7","2"
"PCS1091GM","PCS1098C","5245","7","2"
"PCS1091GM","PFRA01C","5245","7","2"
"PCS1098C","PFRA01C","5245","7","2"
"442-1123R","PNT394","5760","8","2"
"442-1123R","SFRA89L","5760","8","2"
"PNT394","SFRA89L","5760","8","2"
"BTDSH92F","BTFGH92F","5223","1","2"
"BTDSH92F","DDCCA91","5223","1","2"
"BTDSH92F","TSDT392","5223","1","2"
"BTFGH92F","TSDT392","5223","1","2"
"CDPU94","CDSH91","5223","1","2"
"CDPU94","PFPU97CUC","5223","1","2"
"DDCCA91","TSDT392","5223","1","2"
"330-1101AL","331-1953L","5841","7","2"
"330-1101AL","DDFWI99P","5841","7","2"
"330-1101AL","DTCCH94","5841","7","2"
"330-1101AL","DTFTO89","5841","7","2"
"331-1953L","DDFWI99P","5841","7","2"
"331-1953L","DTCCH94","5841","7","2"
"331-1953L","DTFTO89","5841","7","2"
"DDCCU92","DTVGO93","5841","7","2"
"DDFWI99P","DTCCH94","5841","7","2"
"DDFWI99P","DTFTO89","5841","7","2"
"DTCCH94","DTFTO89","5841","7","2"
"PCPU96CH","PFRA98P","5841","7","2"
"PCPU96CH","SFPU92R","5841","7","2"
"PFRA98P","SFPU92R","5841","7","2"
"331-1916L","BTFCV93F","5081","2","2"
"331-1916L","CDGC93","5081","2","2"
"331-1916L","DDFMU94","5081","2","2"
"331-1916L","ELTPU84CR","5081","2","2"
"331-1916L","PFEX91C","5081","2","2"
"331-1916L","SVGO87L","5081","2","2"
"BTFCV93F","CDGC93","5081","2","2"
"BTFCV93F","DDFMU94","5081","2","2"
"BTFCV93F","ELTPU84CR","5081","2","2"
"BTFCV93F","PFEX91C","5081","2","2"
"BTFCV93F","SVGO87L","5081","2","2"
"CDGC93","DDFMU94","5081","2","2"
"CDGC93","ELTPU84CR","5081","2","2"
"CDGC93","PFEX91C","5081","2","2"
"CDGC93","SVGO87L","5081","2","2"
"DDFMU94","ELTPU84CR","5081","2","2"
"DDFMU94","PFEX91C","5081","2","2"
"DDFMU94","SVGO87L","5081","2","2"
"ELTPU84CR","PFEX91C","5081","2","2"
"ELTPU84CR","SVGO87L","5081","2","2"
"PFEX91C","SVGO87L","5081","2","2"
"ELCPU99NCR","PCPU96CH","5409","8","2"
"PFRA93G","SCPU99L","5130","1","2"
"PFRA93G","SFES97R","5130","1","2"
"SCPU99L","SFES97R","5130","1","2"
"BTFTO92P","DDFPU92CB","5038","2","2"
"MEPMPU86","PNT184","5026","2","2"
"431-1146LC","431-1146RC","5130","1","2"
"431-1146LC","DDCS1095PB","5130","1","2"
"431-1146RC","DDCS1095PB","5130","1","2"
"ELFEX95EL","ELFEX95ER","5286","1","2"
"441-1104L","CNPU94","5702","2","2"
"441-1104L","DDDSH89","5702","2","2"
"CNPU94","DDDSH89","5702","2","2"
"CNPU94","DDNPU94P","5702","2","2"
"DDNPU94P","MRNPU94","5702","2","2"
"CNPU94","CVGO93","5702","2","2"
"CNPU94","SNPU94R","5702","2","2"
"CNPU94","SNT392L","5702","2","2"
"CVGO87","CVGO93","5702","2","2"
"CVGO87","SNPU94R","5702","2","2"
"CVGO87","SNT392L","5702","2","2"
"CVGO93","SNPU94L","5702","2","2"
"SNPU94L","SNPU94R","5702","2","2"
"SNPU94L","SNT392L","5702","2","2"
"SNPU94R","SNT392L","5702","2","2"
"CVGO87","MRNPU94","5702","2","2"
"CVGO87","MRNT392","5702","2","2"
"BTFGH92F","CDSH91","5223","1","2"
"442-1102L","RTNT392","0106","3","2"
"ELCCA90CBL","ELCCA90CBR","5208","2","2"
"DDCPU99C","DTCCA91","5223","1","2"
"CNT392","DDNSE96","5082","2","2"
"CNT392","SNPU73R","5082","2","2"
"CNT392","SNT290L","5082","2","2"
"DDNSE96","SNPU73R","5082","2","2"
"DDNSE96","SNT290L","5082","2","2"
"SNPU73R","SNT290L","5082","2","2"
"CNPU73","CNT392","5159","7","2"
"CNPU73","MPDPU92CC","5159","7","2"
"CNPU73","SDPU81R","5159","7","2"
"212-1552L1","212-1552R1","5214","4","2"
"CDNE00","CFES97","5933","8","2"
"CDNE00","CFPU97","5933","8","2"
"CDNE00","CFPU97A","5933","8","2"
"CDNE00","MRCMA97S","5933","8","2"
"CDNE00","SCPU99L","5933","8","2"
"CDNE00","SCPU99R","5933","8","2"
"CDNE00","SDNE00R","5933","8","2"
"CDNE00","SDPU94L","5933","8","2"
"CDNE00","SDPU94R","5933","8","2"
"CDNE00","SDSP90L","5933","8","2"
"CDNE00","SFCN96L","5933","8","2"
"CDNE00","SFEX95R","5933","8","2"
"CDNE00","SFPU97R","5933","8","2"
"CDNE00","SFRA98L","5933","8","2"
"CDNE00","SFRA98R","5933","8","2"
"CDNE00","SFSD99R","5933","8","2"
"CFES97","CFPU97","5933","8","2"
"CFES97","CFPU97A","5933","8","2"
"CFES97","MRCMA97S","5933","8","2"
"CFES97","SCPU99L","5933","8","2"
"CFES97","SCPU99R","5933","8","2"
"CFES97","SDNE00R","5933","8","2"
"CFES97","SDPU94L","5933","8","2"
"CFES97","SDPU94R","5933","8","2"
"CFES97","SDSP90L","5933","8","2"
"CFES97","SFCN96L","5933","8","2"
"CFES97","SFEX95R","5933","8","2"
"CFES97","SFPU97R","5933","8","2"
"CFES97","SFRA98L","5933","8","2"
"CFES97","SFRA98R","5933","8","2"
"CFES97","SFSD99R","5933","8","2"
"CFPU97","CFPU97A","5933","8","2"
"CFPU97","MRCMA97S","5933","8","2"
"CFPU97","SCPU99L","5933","8","2"
"CFPU97","SCPU99R","5933","8","2"
"CFPU97","SDNE00R","5933","8","2"
"CFPU97","SDPU94L","5933","8","2"
"CFPU97","SDPU94R","5933","8","2"
"CFPU97","SDSP90L","5933","8","2"
"CFPU97","SFCN96L","5933","8","2"
"CFPU97","SFEX95R","5933","8","2"
"CFPU97","SFPU97R","5933","8","2"
"CFPU97","SFRA98L","5933","8","2"
"CFPU97","SFRA98R","5933","8","2"
"CFPU97","SFSD99R","5933","8","2"
"CFPU97A","MRCMA97S","5933","8","2"
"CFPU97A","SCPU99L","5933","8","2"
"CFPU97A","SCPU99R","5933","8","2"
"CFPU97A","SDNE00R","5933","8","2"
"CFPU97A","SDPU94L","5933","8","2"
"CFPU97A","SDPU94R","5933","8","2"
"CFPU97A","SDSP90L","5933","8","2"
"CFPU97A","SFCN96L","5933","8","2"
"CFPU97A","SFEX95R","5933","8","2"
"CFPU97A","SFPU97R","5933","8","2"
"CFPU97A","SFRA98L","5933","8","2"
"CFPU97A","SFRA98R","5933","8","2"
"CFPU97A","SFSD99R","5933","8","2"
"MRCMA97S","SCPU99L","5933","8","2"
"MRCMA97S","SCPU99R","5933","8","2"
"MRCMA97S","SDNE00R","5933","8","2"
"MRCMA97S","SDPU94L","5933","8","2"
"MRCMA97S","SDPU94R","5933","8","2"
"215-1121L","215-1121R","5621","1","2"
"331-1118R","331-1124L","5421","4","2"
"331-1118R","331-1124R","5421","4","2"
"331-1118R","331-1129L","5421","4","2"
"331-1118R","331-1129R","5421","4","2"
"331-1118R","331-1173L","5421","4","2"
"331-1118R","331-1173R","5421","4","2"
"331-1118R","334-1101L","5421","4","2"
"331-1118R","334-1101R","5421","4","2"
"331-1118R","FNPU94L","5421","4","2"
"331-1118R","FNPU94R","5421","4","2"
"331-1124L","331-1124R","5421","4","2"
"331-1124L","331-1129L","5421","4","2"
"331-1124L","331-1129R","5421","4","2"
"331-1124L","331-1173L","5421","4","2"
"331-1124L","331-1173R","5421","4","2"
"331-1124L","334-1101L","5421","4","2"
"331-1124L","334-1101R","5421","4","2"
"331-1124L","FNPU94L","5421","4","2"
"331-1124L","FNPU94R","5421","4","2"
"331-1124R","331-1129L","5421","4","2"
"331-1124R","331-1129R","5421","4","2"
"331-1124R","331-1173L","5421","4","2"
"331-1124R","331-1173R","5421","4","2"
"331-1124R","334-1101L","5421","4","2"
"331-1124R","334-1101R","5421","4","2"
"331-1124R","FNPU94L","5421","4","2"
"331-1124R","FNPU94R","5421","4","2"
"331-1129L","331-1129R","5421","4","2"
"331-1129L","331-1173L","5421","4","2"
"331-1129L","331-1173R","5421","4","2"
"331-1129L","334-1101L","5421","4","2"
"331-1129L","334-1101R","5421","4","2"
"331-1129L","FNPU94L","5421","4","2"
"331-1129L","FNPU94R","5421","4","2"
"331-1129R","331-1173L","5421","4","2"
"331-1129R","331-1173R","5421","4","2"
"331-1129R","334-1101L","5421","4","2"
"331-1129R","334-1101R","5421","4","2"
"331-1129R","FNPU94L","5421","4","2"
"331-1129R","FNPU94R","5421","4","2"
"331-1173L","331-1173R","5421","4","2"
"331-1173L","334-1101L","5421","4","2"
"331-1173L","334-1101R","5421","4","2"
"331-1173L","FNPU94L","5421","4","2"
"331-1173L","FNPU94R","5421","4","2"
"331-1173R","334-1101L","5421","4","2"
"331-1173R","334-1101R","5421","4","2"
"331-1173R","FNPU94L","5421","4","2"
"331-1173R","FNPU94R","5421","4","2"
"334-1101L","334-1101R","5421","4","2"
"334-1101L","FNPU94L","5421","4","2"
"334-1101L","FNPU94R","5421","4","2"
"334-1101R","FNPU94L","5421","4","2"
"334-1101R","FNPU94R","5421","4","2"
"FNPU94L","FNPU94R","5421","4","2"
"PNRPU94L","PNRPU94R","5421","4","2"
"CDNE00","CDST01","5421","4","2"
"CDNE00","DDFMU99","5421","4","2"
"CDNE00","DDFPU97CB","5421","4","2"
"CDNE00","DDNT288A","5421","4","2"
"CDNE00","DDVGO87C","5421","4","2"
"CDNE00","MPDPU92CC","5421","4","2"
"CDNE00","PFPU92P","5421","4","2"
"CDNE00","PFPU97LOC","5421","4","2"
"CDNE00","PFPU99CUC","5421","4","2"
"CDNE00","PFPU99LOP","5421","4","2"
"CDNE00","PNT392","5421","4","2"
"CDNE00","SDPU81L","5421","4","2"
"CDNE00","SFMU99L","5421","4","2"
"CDNE00","SFMU99R","5421","4","2"
"CDNE00","SFPU97L","5421","4","2"
"CDNE00","SFVA97L","5421","4","2"
"CDNE00","SFVA97R","5421","4","2"
"CDST01","DDFMU99","5421","4","2"
"CDST01","DDFPU97CB","5421","4","2"
"CDST01","DDNT288A","5421","4","2"
"CDST01","DDVGO87C","5421","4","2"
"CDST01","MPDPU92CC","5421","4","2"
"CDST01","PFPU92P","5421","4","2"
"CDST01","PFPU97LOC","5421","4","2"
"CDST01","PFPU99CUC","5421","4","2"
"CDST01","PFPU99LOP","5421","4","2"
"CDST01","PNT392","5421","4","2"
"CDST01","SDPU81L","5421","4","2"
"CDST01","SFMU99L","5421","4","2"
"CDST01","SFMU99R","5421","4","2"
"CDST01","SFPU97L","5421","4","2"
"CDST01","SFVA97L","5421","4","2"
"CDST01","SFVA97R","5421","4","2"
"DDFMU99","DDFPU97CB","5421","4","2"
"DDFMU99","DDNT288A","5421","4","2"
"DDFMU99","DDVGO87C","5421","4","2"
"DDFMU99","MPDPU92CC","5421","4","2"
"DDFMU99","PFPU92P","5421","4","2"
"DDFMU99","PFPU97LOC","5421","4","2"
"DDFMU99","PFPU99CUC","5421","4","2"
"DDFMU99","PFPU99LOP","5421","4","2"
"DDFMU99","PNT392","5421","4","2"
"DDFMU99","SDPU81L","5421","4","2"
"DDFMU99","SFMU99L","5421","4","2"
"DDFMU99","SFMU99R","5421","4","2"
"DDFMU99","SFPU97L","5421","4","2"
"DDFMU99","SFVA97L","5421","4","2"
"DDFMU99","SFVA97R","5421","4","2"
"DDFPU97CB","DDNT288A","5421","4","2"
"DDFPU97CB","DDVGO87C","5421","4","2"
"DDFPU97CB","MPDPU92CC","5421","4","2"
"DDFPU97CB","PFPU92P","5421","4","2"
"DDFPU97CB","PFPU97LOC","5421","4","2"
"DDFPU97CB","PFPU99CUC","5421","4","2"
"DDFPU97CB","PFPU99LOP","5421","4","2"
"DDFPU97CB","PNT392","5421","4","2"
"DDFPU97CB","SDPU81L","5421","4","2"
"DDFPU97CB","SFMU99L","5421","4","2"
"DDFPU97CB","SFMU99R","5421","4","2"
"DDFPU97CB","SFPU97L","5421","4","2"
"DDFPU97CB","SFVA97L","5421","4","2"
"DDFPU97CB","SFVA97R","5421","4","2"
"DDNT288A","DDVGO87C","5421","4","2"
"DDNT288A","MPDPU92CC","5421","4","2"
"DDNT288A","PFPU92P","5421","4","2"
"DDNT288A","PFPU97LOC","5421","4","2"
"DDNT288A","PFPU99CUC","5421","4","2"
"DDNT288A","PFPU99LOP","5421","4","2"
"DDNT288A","PNT392","5421","4","2"
"DDNT288A","SDPU81L","5421","4","2"
"DDNT288A","SFMU99L","5421","4","2"
"DDNT288A","SFMU99R","5421","4","2"
"DDNT288A","SFPU97L","5421","4","2"
"DDNT288A","SFVA97L","5421","4","2"
"DDNT288A","SFVA97R","5421","4","2"
"DDVGO87C","MPDPU92CC","5421","4","2"
"DDVGO87C","PFPU92P","5421","4","2"
"DDVGO87C","PFPU97LOC","5421","4","2"
"DDVGO87C","PFPU99CUC","5421","4","2"
"DDVGO87C","PFPU99LOP","5421","4","2"
"DDVGO87C","PNT392","5421","4","2"
"DDVGO87C","SDPU81L","5421","4","2"
"DDVGO87C","SFMU99L","5421","4","2"
"DDVGO87C","SFMU99R","5421","4","2"
"DDVGO87C","SFPU97L","5421","4","2"
"DDVGO87C","SFVA97L","5421","4","2"
"DDVGO87C","SFVA97R","5421","4","2"
"MPDPU92CC","PFPU92P","5421","4","2"
"MPDPU92CC","PFPU97LOC","5421","4","2"
"MPDPU92CC","PFPU99CUC","5421","4","2"
"MPDPU92CC","PFPU99LOP","5421","4","2"
"MPDPU92CC","PNT392","5421","4","2"
"MPDPU92CC","SDPU81L","5421","4","2"
"MPDPU92CC","SFMU99L","5421","4","2"
"MPDPU92CC","SFMU99R","5421","4","2"
"MPDPU92CC","SFPU97L","5421","4","2"
"MPDPU92CC","SFVA97L","5421","4","2"
"MPDPU92CC","SFVA97R","5421","4","2"
"PFPU92P","PFPU97LOC","5421","4","2"
"PFPU92P","PFPU99CUC","5421","4","2"
"PFPU92P","PFPU99LOP","5421","4","2"
"PFPU92P","PNT392","5421","4","2"
"PFPU92P","SDPU81L","5421","4","2"
"PFPU92P","SFMU99L","5421","4","2"
"PFPU92P","SFMU99R","5421","4","2"
"PFPU92P","SFPU97L","5421","4","2"
"PFPU92P","SFVA97L","5421","4","2"
"PFPU92P","SFVA97R","5421","4","2"
"PFPU97LOC","PFPU99CUC","5421","4","2"
"PFPU97LOC","PFPU99LOP","5421","4","2"
"PFPU97LOC","PNT392","5421","4","2"
"PFPU97LOC","SDPU81L","5421","4","2"
"PFPU97LOC","SFMU99L","5421","4","2"
"PFPU97LOC","SFMU99R","5421","4","2"
"PFPU97LOC","SFPU97L","5421","4","2"
"PFPU97LOC","SFVA97L","5421","4","2"
"PFPU97LOC","SFVA97R","5421","4","2"
"PFPU99CUC","PFPU99LOP","5421","4","2"
"PFPU99CUC","PNT392","5421","4","2"
"PFPU99CUC","SDPU81L","5421","4","2"
"PFPU99CUC","SFMU99L","5421","4","2"
"PFPU99CUC","SFMU99R","5421","4","2"
"PFPU99CUC","SFPU97L","5421","4","2"
"PFPU99CUC","SFVA97L","5421","4","2"
"PFPU99CUC","SFVA97R","5421","4","2"
"PFPU99LOP","PNT392","5421","4","2"
"PFPU99LOP","SDPU81L","5421","4","2"
"PFPU99LOP","SFMU99L","5421","4","2"
"PFPU99LOP","SFMU99R","5421","4","2"
"PFPU99LOP","SFPU97L","5421","4","2"
"PFPU99LOP","SFVA97L","5421","4","2"
"PFPU99LOP","SFVA97R","5421","4","2"
"PNT392","SDPU81L","5421","4","2"
"PNT392","SFMU99L","5421","4","2"
"PNT392","SFMU99R","5421","4","2"
"PNT392","SFPU97L","5421","4","2"
"PNT392","SFVA97L","5421","4","2"
"PNT392","SFVA97R","5421","4","2"
"SDPU81L","SFMU99L","5421","4","2"
"SDPU81L","SFMU99R","5421","4","2"
"SDPU81L","SFPU97L","5421","4","2"
"SDPU81L","SFVA97L","5421","4","2"
"SDPU81L","SFVA97R","5421","4","2"
"SFMU99L","SFVA97L","5421","4","2"
"SFMU99L","SFVA97R","5421","4","2"
"SFMU99R","SFVA97L","5421","4","2"
"SFMU99R","SFVA97R","5421","4","2"
"SFPU97L","SFVA97L","5421","4","2"
"SFPU97L","SFVA97R","5421","4","2"
"SFVA97L","SFVA97R","5421","4","2"
"213-1123L","221-1110L","5421","4","2"
"213-1123L","221-1110R","5421","4","2"
"213-1123L","331-1106L","5421","4","2"
"213-1123L","331-1106R","5421","4","2"
"213-1123L","333-1105L","5421","4","2"
"213-1123L","333-1105R","5421","4","2"
"213-1123L","BTFPU97F","5421","4","2"
"213-1123L","ELCCA90CBR","5421","4","2"
"213-1123L","ELCPU99NLL","5421","4","2"
"213-1123L","ELCPU99NLR","5421","4","2"
"213-1123L","ELFPU97CL","5421","4","2"
"213-1123L","ELFPU97CR","5421","4","2"
"213-1123L","RDNT186","5421","4","2"
"213-1123R","221-1110L","5421","4","2"
"213-1123R","221-1110R","5421","4","2"
"213-1123R","331-1106L","5421","4","2"
"213-1123R","331-1106R","5421","4","2"
"213-1123R","333-1105L","5421","4","2"
"213-1123R","333-1105R","5421","4","2"
"213-1123R","BTFPU97F","5421","4","2"
"213-1123R","ELCCA90CBR","5421","4","2"
"213-1123R","ELCPU99NLL","5421","4","2"
"213-1123R","ELCPU99NLR","5421","4","2"
"213-1123R","ELFPU97CL","5421","4","2"
"213-1123R","ELFPU97CR","5421","4","2"
"213-1123R","RDNT186","5421","4","2"
"221-1110L","221-1110R","5421","4","2"
"221-1110L","331-1106L","5421","4","2"
"221-1110L","331-1106R","5421","4","2"
"221-1110L","333-1105L","5421","4","2"
"221-1110L","333-1105R","5421","4","2"
"221-1110L","BTFPU97F","5421","4","2"
"221-1110L","ELCCA90CBR","5421","4","2"
"221-1110L","ELCPU99NLL","5421","4","2"
"221-1110L","ELCPU99NLR","5421","4","2"
"221-1110L","ELFPU97CL","5421","4","2"
"221-1110L","ELFPU97CR","5421","4","2"
"221-1110L","RDNT186","5421","4","2"
"221-1110R","331-1106L","5421","4","2"
"221-1110R","331-1106R","5421","4","2"
"221-1110R","333-1105L","5421","4","2"
"221-1110R","333-1105R","5421","4","2"
"221-1110R","BTFPU97F","5421","4","2"
"221-1110R","ELCCA90CBR","5421","4","2"
"221-1110R","ELCPU99NLL","5421","4","2"
"221-1110R","ELCPU99NLR","5421","4","2"
"221-1110R","ELFPU97CL","5421","4","2"
"221-1110R","ELFPU97CR","5421","4","2"
"221-1110R","RDNT186","5421","4","2"
"331-1106L","333-1105L","5421","4","2"
"331-1106L","333-1105R","5421","4","2"
"331-1106L","BTFPU97F","5421","4","2"
"331-1106L","ELCCA90CBR","5421","4","2"
"331-1106L","ELCPU99NLL","5421","4","2"
"331-1106L","ELCPU99NLR","5421","4","2"
"331-1106L","ELFPU97CL","5421","4","2"
"331-1106L","ELFPU97CR","5421","4","2"
"331-1106L","RDNT186","5421","4","2"
"331-1106R","333-1105L","5421","4","2"
"331-1106R","333-1105R","5421","4","2"
"331-1106R","BTFPU97F","5421","4","2"
"331-1106R","ELCCA90CBR","5421","4","2"
"331-1106R","ELCPU99NLL","5421","4","2"
"331-1106R","ELCPU99NLR","5421","4","2"
"331-1106R","ELFPU97CL","5421","4","2"
"331-1106R","ELFPU97CR","5421","4","2"
"331-1106R","RDNT186","5421","4","2"
"333-1105L","333-1105R","5421","4","2"
"333-1105L","BTFPU97F","5421","4","2"
"333-1105L","ELCCA90CBR","5421","4","2"
"333-1105L","ELCPU99NLL","5421","4","2"
"333-1105L","ELCPU99NLR","5421","4","2"
"333-1105L","ELFPU97CL","5421","4","2"
"333-1105L","ELFPU97CR","5421","4","2"
"333-1105L","RDNT186","5421","4","2"
"333-1105R","BTFPU97F","5421","4","2"
"333-1105R","ELCCA90CBR","5421","4","2"
"333-1105R","ELCPU99NLL","5421","4","2"
"333-1105R","ELCPU99NLR","5421","4","2"
"333-1105R","ELFPU97CL","5421","4","2"
"333-1105R","ELFPU97CR","5421","4","2"
"333-1105R","RDNT186","5421","4","2"
"BTFPU97F","ELCCA90CBR","5421","4","2"
"BTFPU97F","ELCPU99NLL","5421","4","2"
"BTFPU97F","ELCPU99NLR","5421","4","2"
"BTFPU97F","ELFPU97CL","5421","4","2"
"BTFPU97F","ELFPU97CR","5421","4","2"
"BTFPU97F","RDNT186","5421","4","2"
"ELCCA90CBR","ELCPU99NLL","5421","4","2"
"ELCCA90CBR","ELCPU99NLR","5421","4","2"
"ELCCA90CBR","ELFPU97CL","5421","4","2"
"ELCCA90CBR","ELFPU97CR","5421","4","2"
"ELCCA90CBR","RDNT186","5421","4","2"
"ELCPU99NLL","ELCPU99NLR","5421","4","2"
"ELCPU99NLL","ELFPU97CL","5421","4","2"
"ELCPU99NLL","ELFPU97CR","5421","4","2"
"ELCPU99NLL","RDNT186","5421","4","2"
"ELCPU99NLR","ELFPU97CL","5421","4","2"
"ELCPU99NLR","ELFPU97CR","5421","4","2"
"ELCPU99NLR","RDNT186","5421","4","2"
"ELFPU97CL","RDNT186","5421","4","2"
"ELFPU97CR","RDNT186","5421","4","2"
"CNT392","DTNT392N","5150","1","2"
"15611495","15611496","5130","1","2"
"15611495","15686149","5130","1","2"
"15611495","15686150","5130","1","2"
"15611496","15686149","5130","1","2"
"15611496","15686150","5130","1","2"
"15686149","15686150","5130","1","2"
"CCPU92","PDPU94C","5130","1","2"
"DDFPU87CB","DTDNE00","5509","1","2"
"6052","PNPU86A","5098","1","2"
